League	Score	UserID	AgentID	Lang	Pseudo	#multi,count=5077,time=2023-02-07 00:30:23
6	31.69	1049935	3941001	C++	Azkellas	
6	30.05	1607522	1886979	C++	RoboStac	
6	28.75	735910	1886983	C++	Agade	
6	28.36	736075	2502754	C++	Xyze	
6	27.91	1479930	2653880	C++	LeRenard	
6	27.38	4920336	4635512	C++	DTKCat	
6	27.25	1818159	1886984	C++	JRFerguson	
6	27.14	1772240	2140156	C++	Wazabis	
6	26.15	3076654	3038687	Python3	bonebone	
6	26.15	3457031	4497511	C	YurkovAS	
6	26.07	3862476	3048449	C++	Toster256	
6	26.04	5209733	4652600	Java	MatPogora	
6	25.48	1106450	1886977	C++	RiSuS	
6	25.47	3821853	3810126	Java	Trice	
6	25.42	341112	2056255	Java	Sladix	
6	25.39	1952778	3701001	C++	blast_beat	
6	25.25	3775369	2889159	Java	umesh007	
6	25.21	3973359	3671939	Java	KAbel	
6	25.1	154984	2633718	C++	_Royale	
6	24.78	1372349	1886988	Java	NinjaDoggy	
6	24.73	3363565	2663828	Java	BloodRayne	
6	24.7	5068410	4507883	Java	CIR3_Mathieu	
6	24.66	1629259	2238437	C++	Marchete	
6	24.63	359096	3168353	Java	Skyloro	
6	24.52	3649510	3125553	Java	TheMaskie	
6	24.47	3689286	2692185	Java	CedricML	
6	24.33	2522090	1886986	C#	MSmits	
6	24.21	3076711	3168352	Java	Sceurpien	
6	24.2	1606614	2138812	C++	Wazaa	
6	24	4168438	3412168	Java	Aoeuid	
6	24	4070745	3812047	Java	HoriMiyamura	
6	23.59	2924895	3888535	Java	trictrac	
6	23.47	5210045	4656723	Java	Jeyster	
6	23.47	3368067	3982321	Java	jgall	
6	23.32	4148846	4156606	Java	SkyWhait	
6	23.21	893541	2713397	Java	wala	
6	22.7	1845617	3740747	Kotlin	Shingy	
6	22.39	4146143	4633982	C++	Zabym	
6	22.31	754792	3676699	C++	Ramdeath	
6	21.21	1489865	1886981	C++	EricSMSO	
6	20.99	1757536	4248826	Python3	BlueGhost31	
6	20.99	1597335	4424786	Kotlin	Fizimatik	
6	20.41	1480501	1942292	Java	DaFish	
6	20.21	3533119	4027387	C++	wlesavo	
6	20.18	154312	2613151	Java	ThomasNicoullaud	
6	19.78	1890185	3676700	C++	num	
6	19.55	1341520	2631823	Java	egaetan	
6	19.3	1500515	1886985	C#	eulerscheZahl	
6	19.28	1127783	3048280	Python3	zouzou	
6	19.12	2998967	3701524	TypeScript	Gilde	
6	19.08	1347650	4643976	C++	T-Dup	
6	19.03	1673512	1886976	C++	Ryoken	
6	19.02	2263101	2633677	C#	Rewolf	
6	18.52	2647140	3048279	Ruby	nisizawa	
6	18.22	1902840	2633678	C	mechatronick	
6	17.79	1059313	3070584	C++	_SERGE_	
6	17.33	820000	2633647	C++	ValGrowth	
6	16.67	1816783	4027255	C#	NightLuna	
6	15.88	4395858	3790079	C#	SaidAouani	
6	14.99	1869024	2237998	Java	Xa2017	
6	13.28	1066745	4422437	Java	DepartmentOfRedundancy	
6	12.06	2695697	3841051	Java	bobrkiller333	
6	9.85	5097992	4549996	Java	haiko256	
6	8.23	1487392	1887290	Kotlin	Razielwar	
6	7.33	4023121	3664084	Java	Zanoshky	
6	2.64	5210937	4566294	Java	Tirvix	
5	25.19	4826182	4509351	Python3	Cadmiom	
5	24.45	3922325	3070692	C++	Degalat	
5	24.21	3808031	3027616	Java	_proton	
5	23.63	4480802	4424001	Kotlin	Nagatsuka_Akiya	
5	23.23	2786666	3075464	C++	TetraktysPhi	
5	23.08	4046568	4560413	Rust	jfaixo	
5	22.98	1407621	1934990	C++	Taohbi	
5	22.92	1945936	1876846	Python	Spacerouquin	
5	22.79	5300927	4731721	C#	MatthiasPajot	
5	22.71	568476	1876872	Java	Dje54	
5	22.65	3740498	3006102	TypeScript	TODO_Slytherin	
5	22.59	1676711	1876813	Java	Eeeval	
5	22.5	2427608	4030536	Java	PACO_Adel-Le-bogoss-du-59	
5	22.42	1983336	1932837	C++	Tiutens	
5	22.39	3468458	2674366	C#	Temba	
5	22.26	3718653	3008260	Javascript	invi2k	
5	22.22	928567	4310359	C++	Konstanta	
5	22.21	351062	2049267	C++	Neumann	
5	22.2	2434893	1888608	Clojure	cdurbin	
5	22.18	1853956	1876851	PHP	yoannk	
5	22.1	912633	1933842	C#	Poviliukas	
5	22.02	1792429	1876803	Java	Wildum	
5	21.94	1304841	1940834	Java	NitMpez	
5	21.92	153683	1876827	Java	40R15T3	
5	21.91	4589241	4169316	Python3	Setra022	
5	21.88	4764217	4034788	Java	PACO_IFleeXyZz	
5	21.87	805067	1876810	C++	Magus	
5	21.84	1836058	2150566	Javascript	SeebOmega	
5	21.8	153030	2455520	C++	joH	
5	21.79	3427526	2480843	Python3	remi2257	
5	21.77	2288263	2068013	Java	dbdr	
5	21.75	938714	1876834	C++	Kristijonas	
5	21.74	1073247	4437616	C++	_NikJ	
5	21.72	2946738	2654561	Python3	The_winter_soldier	
5	21.68	4760179	4030003	Java	PACO_SponQy	
5	21.64	2906497	3064890	C++	daaskare	
5	21.63	1931039	1887149	C#	MooMooN	
5	21.49	3594888	2654562	Python3	neymar_	
5	21.44	4154326	3428522	Go	montplusa	
5	21.43	3964625	3107259	Python3	hypocrite	
5	21.35	1756952	1881854	C++	Petras	
5	21.32	1193679	2265685	Python3	Icebox	
5	21.3	2913725	2654898	Python3	SherlockTD	
5	21.18	1671658	2036356	C++	Kirbiby	
5	21.17	2571540	4079249	Java	Nagatwin	
5	21.15	3239151	2330054	C#	Tanorion	
5	21.05	1186250	4439618	C#	Gabbek	
5	21.02	2450542	2341537	C++	MARClUS	
5	20.87	2643470	1887747	C++	Kaunas	
5	20.76	2173864	2653899	Python3	Chimera	
5	20.75	841085	1876840	C#	Risen	
5	20.73	1333869	1885718	Python3	kiwijam	
5	20.6	869239	1907730	C++	Vingte	
5	20.59	1724778	1945240	C#	nevpont	
5	20.54	1841269	3173565	PHP	Ser-Fazer	
5	20.52	3533314	3915560	C#	skotz	
5	20.36	1238934	1876843	C++	accorp	
5	20.28	2179805	2654560	Python3	_La_Pulga	
5	20.26	1407720	1876884	Python3	bananaMixer	
5	20.26	3544276	2603454	Python3	nidup	
5	20.2	1034635	1876833	C++	SlyB	
5	20.17	3621136	2690059	Python3	MichaelPu	
5	19.98	1491995	1887659	C#	Tyir	
5	19.96	849999	1900012	Java	Moez	
5	19.76	2489304	1955282	C#	Yawp	
5	19.61	1294909	1876860	Java	Priscus	
5	19.53	1109979	2603391	C#	Gloopy	
5	19.49	799904	4304697	C++	iwashi31	
5	19.47	4760114	4031012	Java	PACO_Eremith	
5	19.46	1480384	1876856	C++	RockyMullet	
5	19.44	1855741	1942946	Kotlin	MrKIP	
5	19.43	3715831	3164584	C#	UQ-LELE	
5	19.4	2512601	2017767	Python3	Sibwara	
5	19.39	2007852	1937026	Go	Zorg1	
5	19.33	3196818	2617902	C++	tomreddle	
5	19.32	2605855	3127385	Python3	logiqub	
5	19.27	3455804	3892313	Javascript	D0SD3	
5	19.27	1077559	1876807	Java	PhOeNyX	
5	19.25	3629685	4561189	Javascript	Apofils	
5	19.24	3615203	3157883	Javascript	sayelr	
5	19.21	2470677	1876825	Java	Goujon	
5	19.21	3718668	3002464	Javascript	yanonymous	
5	19.2	232528	1877894	C++	cegprakash	
5	19.18	1204522	1964856	Python	llllllllll	
5	19.18	1792532	2061378	C#	Zanbez	
5	19.16	380805	4075275	TypeScript	Xtendz	
5	19.1	3072951	2204758	Python3	Riddiel	
5	19.08	1987751	2404675	C++	ruu	
5	19.07	788361	1877570	C++	Bob	
5	19.06	1572888	1876883	Python3	DirtyHarry	
5	19.03	1082988	1938076	C++	Saelyos	
5	19.03	198916	1876873	Java	WhatTrickeryIsThis	
5	19.01	3713473	3438026	Javascript	Sacrilegious	
5	19	2238146	2201121	Java	stem	
5	18.92	2480130	1931454	Python3	USaGiSaIKoU	
5	18.88	1443538	1878495	Java	Tux4711	
5	18.87	1759839	2307326	Python3	matleg	
5	18.83	1288527	1899826	C	Snef	
5	18.83	1335230	1887311	Java	jft63	
5	18.77	154935	4730362	Scala	yamo	
5	18.71	1944142	1877112	C#	yakalir	
5	18.64	973040	2676230	C	papyjo	
5	18.63	5209676	4569507	Java	ArmandP	
5	18.55	3344746	3709395	Java	Piopio	
5	18.53	1948029	1937025	Python3	matscube	
5	18.48	1719632	2111412	C++	k.v	
5	18.46	2566623	2612769	PHP	VincentBab	
5	18.41	512097	1877177	Haskell	Stilgart	
5	18.35	815488	2062707	Java	Seti	
5	18.34	1788945	2267426	Python3	FabienDaniel	
5	18.23	1093968	3144291	C++	milosMATRIXrepic	
5	18.18	3255204	2331472	Java	Gah	
5	18.18	970443	2259295	C++	Ak_va_man	
5	18.11	2874091	4029726	Python3	5DN1L	
5	18.08	2990918	2404046	Javascript	Dingodino	
5	18.04	2360690	1877529	Python3	Galrauch	
5	18	1854246	1882499	C++	Counterbalance	
5	17.96	2434370	2090885	Javascript	OscarKK	
5	17.83	1634607	2198923	Python3	Taraxacum	
5	17.82	2242201	3697630	C++	Maryan	
5	17.77	3331888	2607760	Javascript	LuizChagas	
5	17.75	917370	4030984	C++	Gwi	
5	17.69	1386924	1876874	Javascript	Ylec	
5	17.63	1071140	4550477	Scala	BeberLeNewbie	
5	17.62	1310366	1976997	Java	jojo67	
5	17.53	972894	1964853	Python	resty-daze	
5	17.51	4658485	4063176	Python3	I_love_CoC	
5	17.48	802171	1878544	PHP	Merome	
5	17.48	3580569	2663762	C#	FIT_genius	
5	17.37	1125115	1876852	C#	RafaelSan	
5	17.36	4760199	4276223	Java	Disleif	
5	17.34	3354668	2616261	Python3	DimSumSaying	
5	17.34	3320403	3007219	TypeScript	94F85B4F	
5	17.32	4779369	4273161	C#	Anonimn	
5	17.32	2341005	1888951	C#	Crispy23	
5	17.3	1194069	2110187	Java	Redstrike	
5	17.29	1052271	4546353	C#	Bleash	
5	17.29	3502478	4715160	Kotlin	tachan	
5	17.27	1525831	1877895	Python3	ntsd	
5	17.26	1169264	2354743	Java	moarrrr	
5	17.26	1870609	4395342	C#	cyrusgp	
5	17.22	3980538	4107182	C#	Rastgar97	
5	17.22	848394	4273264	Java	schwarzahl	
5	17.21	1740037	1877891	Scala	ereiam	
5	17.19	1617480	3671831	Python3	CptCrispy	
5	17.1	2521394	1935731	Kotlin	FrankR	
5	17.1	5041114	4488863	C#	huyhehe	
5	17.09	4900864	4304784	Python3	rush123321	
5	17.09	4658323	4029644	C#	Gorolom	
5	17.09	1783604	1876829	C	Vry	
5	17.03	4760145	4031374	Java	PACO_CrocsDeBarry	
5	17	1631057	1877896	Python3	Pask	
5	16.99	1495488	2651090	Python3	5160d	
5	16.95	2233676	1964852	Python3	cleanrock	
5	16.93	2458172	2339876	C++	CaptainHamburger	
5	16.93	1114834	2430678	Python3	k4ng0u	
5	16.9	2488298	2651091	C#	wfournier	
5	16.89	1163546	2430261	C#	Pyou	
5	16.89	3657275	4280356	Python3	jujurocking	
5	16.88	335954	1876863	Java	nmahoude	
5	16.88	1664044	2092788	Python3	BUG	
5	16.85	3756021	3126444	Java	TheSkolar	
5	16.84	1845872	2663761	Java	Ethaniel	
5	16.81	2109780	2120146	C++	ChaudCoLaTeen	
5	16.77	2133361	2331293	C#	VadimKuznetsov1	
5	16.68	1910916	3873553	C#	VivienBillot	
5	16.67	1528274	1964855	Ruby	BlanCap	
5	16.64	1528055	3127384	C++	YannBeuc	
5	16.63	1295026	3837075	C#	Cartosses	
5	16.62	5052454	4470909	C#	chris.steele	
5	16.61	1829569	1932838	C++	[0___0]	
5	16.59	2835276	3873494	C#	Ido_Daisuke	
5	16.53	4142307	3448351	Python3	Editsira	
5	16.52	1485015	4485197	C++	Murky	
5	16.48	3341241	3153528	C++	StevenJames1	
5	16.48	3514820	3915562	C#	Inferno_dragon	
5	16.47	1201796	2671737	C#	P.Greze	
5	16.47	1060181	2092719	Ruby	Dabou	
5	16.45	4938901	4489153	C#	Ellaiji	
5	16.44	1770280	3448352	C#	Maxboyer	
5	16.43	3574688	2611159	Scala	RaulButuc	
5	16.43	3680749	3168194	C#	pivchik	
5	16.42	2480135	3027329	C++	Guan-Ying	
5	16.39	1307473	3152911	C#	Evgenykz	
5	16.37	1123581	3873493	Java	Luksis	
5	16.36	1483234	4495784	Python3	jbl	
5	16.35	1455753	2289959	Python3	Lysk	
5	16.34	3703918	3153398	C#	inuyasha	
5	16.34	1978108	2705861	Python3	Valkilaen	
5	16.33	3996809	4105964	Kotlin	VizGhar	
5	16.33	3556318	3152835	C#	TheMythicMango	
5	16.3	3842278	4524168	Python3	hem123	
5	16.25	2572485	2674473	Ruby	DGynn	
5	16.25	1743393	3027330	C#	Yudzhin	
5	16.25	1482988	2688138	Java	shinedday	
5	16.24	3630437	2646172	Python3	Dominik123	
5	16.21	3647844	4524170	Python3	rc95401	
5	16.21	4684374	4395343	C#	Teunisv	
5	16.15	1404292	1942709	C	PawelK	
5	16.14	1734105	1876822	Python3	Bibou	
5	16.13	1931824	3915561	Java	Litops	
5	16.12	2532317	4524167	C++	Ivylin	
5	16.11	3054071	3671832	Python3	Filosofix	
5	16.09	2485037	2617794	Java	Delta_D	
5	16.09	4247278	4557944	C#	AlienOGman	
5	16.04	1966319	4717484	Ruby	0x6E0FF	
5	16.04	5212231	4583396	C#	Fresti	
5	15.95	2985761	3156540	C++	haikalizz	
5	15.89	2455573	1889004	C++	LSMUG_test	
5	15.79	4334077	3696514	C#	Paul_Demanze	
5	15.76	1759335	2201120	C#	metahom	
5	15.73	1173137	4272607	C++	chouetz	
5	15.71	2463909	2906509	Java	ckobayashi	
5	15.71	1825989	3696682	Python3	Briquetinho	
5	15.7	1179950	4710998	C#	PattoWaGuruDesu	
5	15.35	1158238	2331292	Python3	Veka	
5	15.31	4904746	4395341	C#	Enrycooo	
5	15.29	1799001	4474943	Python3	eddernstein	
5	15.15	792813	4395340	Python3	VilBoub	
5	15.08	2525274	4029725	C#	ledainbrice	
5	15.05	230015	3811524	Java	Kolo9	
5	14.93	3003292	2652784	Python3	Avandale	
5	14.9	4018953	3195241	C#	zTTK	
5	14.75	3380514	2435041	Java	DFrese	
5	14.75	872593	4448917	Java	Pavlo_Mykhaylenko	
5	14.74	1854639	4271418	PHP	iDxMeG	
5	14.71	943556	3153529	C++	DollarAkshay	
5	14.63	2110350	3126774	Javascript	EgorKluch	
5	14.61	5099840	4562911	C#	tan.vd	
5	14.58	3413813	3125538	Java	Hvosten	
5	14.49	3776530	4078830	Python3	Insufficient	
5	14.36	1458246	2439052	Ruby	Httpsx	
5	14.35	2607343	4524171	Javascript	BiggityBang	
5	14.29	335335	4546266	Kotlin	Eldritch	
5	14.14	3346560	3003901	TypeScript	isoborneol	
5	14.14	2480109	3027328	C++	Madao_Edge	
5	13.92	3621064	2654339	Python3	Lozober	
5	13.89	1520360	1876870	C++	Ten0	
5	13.88	1779093	4448916	Java	bates	
5	13.63	828239	4546265	C#	[SG]Sebastien	
5	13.48	992329	4546264	C++	BeeGee	
5	13.43	3958314	3873495	PHP	NicoDeug	
5	13.27	1399382	4546354	C#	Regulus136	
5	12.98	2800214	4583397	Javascript	tashman01	
5	12.98	2215572	4715059	TypeScript	Patoumpalou	
5	12.86	2398206	3873496	Java	stone43	
5	12.73	2480120	4503257	C++	40647034S	
5	12.23	3373137	4546355	Python3	realize	
5	11.97	3573721	3955640	Javascript	Kheops	
5	11.78	2092746	2230440	Python3	donjo	
5	11.54	3549260	4524169	C#	LoanVar	
5	10.23	4471724	4475013	C#	Miyukiko	
5	8.7	4229624	4525023	C#	AdnaneCoder	
5	7.77	1802967	1877318	Python	Meruem	
5	7.65	2453008	3093959	Java	Crypticsy	
5	6.77	2625928	4417644	C#	Leonard.	
5	4.85	735487	1889416	Java	amurushkin	
5	4.79	4760157	4711291	Java	PACO_Darrkhan	
5	0.5	2416641	2311401	Groovy	Zenoscave	
5	-0.64	1515891	1876804	Kotlin	ndc	
5	-1.3	1964298	3136641	Python3	tobakudan	
5	-3.61	1824376	1876853	Python	Kodle	
5	-3.62	2158902	1876821	Scala	Snowbart	
5	-3.62	2938898	2654105	Python3	Aa123456	
5	-3.63	563069	2331367	Scala	Darkris	
5	-3.63	2055005	2652779	Bash	_Azke	
5	-3.65	1404941	1876809	C++	Rexou	
5	-3.65	886483	1876880	ObjectiveC	R4N4R4M4	
4	21.23	4709333	4014904	C#	Kupryashin	
4	21.12	3812960	3771651	Rust	bot-1	
4	21.06	3790481	4698900	C#	VirtualRealityRocks	
4	20.89	2077458	1870420	Python3	Ragi	
4	19.95	1881651	1870410	Python3	DoubtinGiyov	
4	19.77	3235897	2620670	Java	Zylo	
4	19.74	1679204	1870366	Python3	Jaidy	
4	19.63	490588	2048153	Python3	Uljahn	
4	19.58	1470927	3839127	C#	MisterQuidam	
4	19.57	3945266	3145790	Javascript	jamessizeland	
4	19.57	4953074	4522152	Javascript	jwpapi	
4	19.56	1347645	1870483	Java	Wick3d	
4	19.54	3229231	2612524	Java	user4565675443	
4	19.46	840468	3129324	Javascript	Skflowne	
4	19.45	1512611	1870544	Java	Essigautomat	
4	19.45	4664632	3969840	Java	Wzim_Damian_P	
4	19.41	1046623	1870489	Java	the_pins	
4	19.39	2259761	3025978	Python3	ReborN	
4	19.32	1620749	2349242	Python	knightmare555	
4	19.31	1420817	2647539	Javascript	TheMagicShop	
4	19.22	1932868	1876772	Python3	Tehelka	
4	19.22	3447519	2474183	Javascript	WarLeader	
4	19.19	3267738	2434121	C#	Skellcoder	
4	19.18	1277940	1875511	Java	Reiten	
4	19.17	1436776	2603854	C++	BrainSolver	
4	19.17	1739135	3994524	Java	Just_Joel	
4	19.16	1607251	2996137	Javascript	baboulaf	
4	19.13	1542277	2579254	C#	ROARd	
4	19.13	3228589	2770825	Java	MaximePRZ	
4	19.09	2373953	4272596	TypeScript	Dridriun	
4	19.05	4424239	4556345	C#	Broccoli14	
4	19.03	1360294	2051908	C#	otk	
4	19.03	3919185	3134967	Java	Marcel10	
4	19.01	4977399	4393937	PHP	nhanh	
4	19	1944726	1874208	C++	bourgeof	
4	18.91	321003	2070399	Python3	mixam85	
4	18.9	4680209	3965172	Java	jakubp	
4	18.89	2005105	1870685	PHP	Fred51	
4	18.84	4914385	4550427	Python3	nico4633	
4	18.67	2386059	2050152	Javascript	Alphik	
4	18.59	155091	1970320	Java	smeagol	
4	18.57	3568175	2719936	Python3	Hontor	
4	18.57	1138094	4698849	Java	nocny	
4	18.5	2523117	3459763	C#	AlexN2102	
4	18.44	4624520	3974820	Java	octos	
4	18.42	4213045	3481335	Python3	ShadowKat	
4	18.28	1461866	2318009	Java	Spacebird1313	
4	18.23	1911026	3863874	Python3	pierrot_le_fou	
4	18.07	2107217	3303280	C++	OhMaley	
4	18.02	1371420	1885890	Rust	FerrusDude	
4	18.01	2074414	3132769	Python3	Lecerf	
4	18.01	2912059	2192647	C++	DODRO35	
4	17.93	2867405	3442593	Python3	Hilly	
4	17.93	2119347	1940550	C++	rsk_chaos	
4	17.91	2233179	1878803	Python3	Samsa	
4	17.89	3425929	2458799	C++	perrinod	
4	17.87	1244740	2464515	Python3	Tenos	
4	17.85	3998318	3134966	C#	ludopant	
4	17.83	2590149	1877690	Python3	GoofyGas	
4	17.81	1687754	1885675	Java	cg123	
4	17.78	270881	4545726	C#	Maurice_Moss	
4	17.75	2140455	4393842	Lua	Lord_Binary	
4	17.73	1830625	2070634	C#	-Rutger-	
4	17.72	2424949	4390813	Python3	BlipBlop	
4	17.71	2382054	2358554	Java	jsimoes	
4	17.69	3492840	2500590	Javascript	stormKx18	
4	17.68	1600779	2230382	C#	AustinSpafford	
4	17.67	2545568	2351825	PHP	alingex	
4	17.67	3524000	4524104	Python3	depthzer0	
4	17.64	1140677	1921706	C++	Crog	
4	17.61	2948040	2414332	Python3	Pouyou	
4	17.61	2644587	3145789	Ruby	Fl4sh	
4	17.55	977290	4390814	Python3	Darklighter	
4	17.54	1879134	3065255	Python3	Mennimoor	
4	17.53	1727322	3959135	Python3	pyjama	
4	17.48	889789	1870896	C	Alain-Delpuch	
4	17.47	2003111	1870749	PHP	Krikolo	
4	17.42	1050490	1871183	C++	Snark_Chaser	
4	17.41	808454	2334597	C#	.EagleDawn.	
4	17.38	2994979	2996037	C#	NinaneCharles	
4	17.33	1001096	2409651	C#	MyIIone	
4	17.31	1162034	2075774	C++	krakeusz	
4	17.3	833115	1870753	PHP	VSLourenco	
4	17.27	2644468	2483145	Python3	Schizzle	
4	17.26	4474858	4415493	Go	Arazu	
4	17.24	3752051	4432949	Python3	delabere	
4	17.12	4051352	4269502	C++	Rate01	
4	17.08	153489	3991002	Python3	Auncly	
4	17.06	5014399	4433040	C++	saityyy	
4	17.06	4760133	4034313	Java	Florian.S	
4	16.98	1062509	2336604	Java	Xavier_Kress	
4	16.86	1815583	1870686	C++	HarderTilt	
4	16.82	4180659	4467496	TypeScript	abrman	
4	16.74	1753077	2083324	C++	codingWhale	
4	16.73	2069141	1950256	C#	tomeko	
4	16.73	533238	4062328	Python3	Cdpse	
4	16.7	4695112	4269905	Java	Maxime01	
4	16.63	558107	3988085	C++	rudkoo	
4	16.58	3060034	4298304	Java	PACO_ParZzi	
4	16.58	854169	3984637	C++	Silmaen	
4	16.57	1768304	1874676	Python3	Manu306	
4	16.57	2463986	2324255	C++	Apocrypha	
4	16.55	1883153	1870430	C++	Zoidb3rg	
4	16.55	1229845	2349238	Java	Jipe	
4	16.51	4696290	4448864	TypeScript	brms-dev	
4	16.49	4287874	4418221	Python3	dart28	
4	16.47	2885992	3477631	C++	Gandalf42	
4	16.45	881037	2434147	Java	Amadeuszx	
4	16.42	2750479	2705830	C++	-XraY-	
4	16.4	4162939	4500409	Python3	WookieWarlord	
4	16.37	1314316	2209312	Python3	jolindien	
4	16.36	3996954	4328509	C#	mister_art43	
4	16.35	2455616	2065721	Java	JeanClaude44	
4	16.34	4314941	4456523	Java	TripleKs	
4	16.33	1978863	2318299	Python3	h4o	
4	16.32	904209	3441860	Java	Myrtille44	
4	16.31	939530	1870416	Java	Jahz	
4	16.31	650661	1870461	Ruby	Syro	
4	16.3	1431687	1870899	Java	Gollinator	
4	16.3	1434515	2609598	C++	scor-A	
4	16.3	2131873	4392265	Java	Zumanoka	
4	16.29	1547267	2349241	C	Wariie12	
4	16.28	5068436	4488002	Java	CIR3_Audran	
4	16.27	2123423	4390422	Java	splanard	
4	16.24	2560231	4347342	Python3	NouFuS	
4	16.24	371603	2076756	Ruby	martin	
4	16.23	1329263	2458789	C++	Mihai_	
4	16.16	1330431	1871574	Javascript	TzeKin	
4	16.14	2093395	1941462	C#	VadimKuznetsov	
4	16.13	4760178	4560299	Java	Spac3Drunk	
4	16.13	1713174	2633773	Python3	BigUP	
4	16.11	1498163	3984806	Java	Ben-oit	
4	16.1	1186273	4550580	Rust	knacky	
4	16.02	2108962	3145896	Python3	DeveauP	
4	16.01	1571621	4270300	PHP	rjmcdona	
4	15.98	1314796	2349239	C++	JBence	
4	15.93	4313020	4720269	Java	JakubBiskup	
4	15.93	1926967	1870458	PHP	Stanworld	
4	15.92	1161312	4249309	Java	snowkk	
4	15.81	1061242	3352125	Go	Csipcsirip	
4	15.79	2401888	1870394	Python3	RubberDuck	
4	15.78	1872557	3152399	Go	FinkPloyd	
4	15.77	1241062	2234133	Java	jbs	
4	15.68	282701	3524774	C++	MarcelBrouette	
4	15.49	3495155	4560298	Java	Silvereye	
4	15.42	1447713	4447226	Javascript	WhatnotX	
4	15.13	1584802	2355024	Python3	emh	
4	15	2316796	4467495	PHP	Psio	
4	14.88	1440207	2349240	Python3	Rungekutta	
4	14.82	897547	3803350	C#	Layfown	
4	14.6	4360360	4552782	Python3	yamim	
4	14.3	155774	2489961	C++	dwarfie	
4	14.27	153774	4448658	C++	cocoche007	
4	14.24	1616071	1870491	Java	Cyberpunk	
4	13.95	3722197	3465136	Python3	La_Dig	
4	13.8	2683988	4271030	Java	Neoris	
4	13.56	1480640	2418355	C#	nodes	
4	13.36	3518133	2630791	Java	GaetR	
4	12.73	1991836	1870377	C#	Ptitselov	
4	12.62	1751467	2413588	Python3	Une_Vachette_du_31	
4	12.45	3666409	3694149	Java	J0sh	
4	12.33	1490383	2595494	C++	arkwaw	
4	12.25	1519989	3494955	Python3	a5kin	
4	11	1728288	3961864	C#	MOLP	
4	9.85	3076371	2844024	C++	Krakota	
4	9.49	2055377	4028666	Python3	Covfefe	
4	9.47	2490008	2576403	Python3	ebicochineal	
4	8.91	3774856	2993807	Python3	_O-MEGA	
4	8.5	1160663	2467618	Javascript	DanielLacht	
4	8.37	4213851	3472628	Java	Gastus	
4	7.64	3841376	4419163	Javascript	md_front	
4	5.36	4451368	4272563	Python3	Tsukabishi	
4	4.43	4525568	3840248	Python3	gjjhgyu	
4	1.7	2155687	1870405	Kotlin	NilsTheWizzard	
4	1.08	3499592	4447943	C#	tisk	
4	-3.5	2073179	2456347	Scala	Biwere	
4	-3.51	2762653	2307949	Scala	RAAAT	
4	-3.59	2537185	2323915	VB.NET	Swedgy	
4	-4.75	4557825	4015678	Python3	OSSFF7	
4	-4.76	2405889	2355025	Scala	Saivo	
4	-4.91	4758132	4031648	Java	nicolegrimpeur	
4	-8.29	1509238	1878169	Rust	Cosmo	
3	29.55	3608589	2633714	Java	Sp0re	
3	28.96	969000	1872703	Javascript	KB	
3	28.82	2536589	2507252	Java	mjfcolas	
3	28.24	2626104	3332924	Java	LogicalKip	
3	28.23	5210938	4564657	TypeScript	AntoinePi	
3	28.14	3915482	4452343	PHP	Sanches999	
3	27.6	1171469	1867903	Java	Reblochon	
3	27.39	3664322	3728161	Python3	cclaude42	
3	27.37	3710815	3171466	C++	iwioi	
3	27.32	2480126	1916964	C++	Zhao	
3	27.23	2970996	3116687	Java	Cookie_Wookie_7	
3	27.17	1045710	2055159	Javascript	KPricorn	
3	27.16	825049	1868178	Java	Scheronimus	
3	27.13	1075260	1934384	Java	metwesse	
3	27.06	1439494	4524053	Java	CsamoC	
3	27.03	4861044	4273258	Javascript	epfennig	
3	27.02	1166639	3106947	Python3	hostage112	
3	27.02	156188	2985478	Javascript	DorianWilde	
3	26.99	3736557	2847803	VB.NET	samBoutch	
3	26.91	3439872	3364581	Python3	xdcomrade	
3	26.91	1290234	4516994	C#	Arkann	
3	26.89	3428974	2785644	Python3	BartWelling	
3	26.87	4993857	4423804	Python3	WouterSolutions	
3	26.87	3737691	4502637	C#	theDjura	
3	26.84	3766290	3021001	Javascript	xineohp	
3	26.82	5064689	4721170	Python3	Nimrodius	
3	26.76	2672932	3379490	Rust	Lanfeust	
3	26.71	2481965	1917177	C++	jameslu	
3	26.69	5193480	4730859	Python3	Seckmeth	
3	26.69	4873504	4429339	Go	ke_kaji	
3	26.67	4594914	3965809	TypeScript	NeoJex	
3	26.64	734401	1870600	C++	b0n5a1	
3	26.63	4634818	3920585	Javascript	mpushkin	
3	26.6	2802157	2256625	Python3	HKit	
3	26.59	3594074	3872472	C++	jopo	
3	26.53	4713254	4163944	TypeScript	ProAnonymous	
3	26.49	3600692	4424925	Go	nimartinez	
3	26.42	859803	1860922	C#	stauik	
3	26.38	2526322	1880107	Java	fhemsworth	
3	26.3	3346469	3007144	TypeScript	Razupaltuff	
3	26.27	4406434	3997798	Python3	H00n	
3	26.26	3937932	3066835	TypeScript	OnTheBrink	
3	26.2	4961379	4388537	Python3	Nazevnik	
3	25.97	4471038	4307172	Python3	nguyen.lam	
3	25.91	1997622	3018325	Python3	Ra777	
3	25.76	2973592	3363306	C#	EJtheMaster	
3	25.67	3770485	3054072	C++	zakki	
3	25.63	1555765	1865420	C#	DewJunkie	
3	25.57	3060683	2217825	Python3	Shadaia	
3	25.52	3740577	3008284	TypeScript	DumbBullDoors	
3	25.39	4292379	3781992	Python3	Chairman_of_the_Borg	
3	25.38	3518158	2631789	Java	RonanGui	
3	25.36	865548	4698932	Python3	Kktus	
3	25.34	2835241	3574562	Scala	Civyshk	
3	25.32	1484839	1862263	Perl	sparky	
3	25.27	1442923	2440545	Ruby	nzdjb	
3	25.27	227687	1901760	Javascript	Johanny	
3	25.26	2546443	2140221	Python3	AlexanderK	
3	25.19	4860504	4424380	Python3	InPinUn	
3	25.18	3718613	3008104	TypeScript	Johnsen	
3	25.18	2137697	1872218	Python3	MartinZ	
3	25.16	4329706	3711985	C#	Sferenc	
3	25.01	3068472	2203273	C++	Teh	
3	25	1442879	2440646	Javascript	InsaneWookie	
3	24.96	1384397	4471568	C#	BigZ	
3	24.86	4851409	4257631	C#	SmallGwindor	
3	24.86	4927992	4421743	Python3	morph1max	
3	24.85	837350	1957201	Go	BorisZ	
3	24.85	4030696	3160962	TypeScript	msfe	
3	24.83	1177795	2090608	Go	Slash-Dev	
3	24.8	2108531	2284080	C#	Abso	
3	24.8	3829009	3676820	Python3	CodeBot5000	
3	24.76	2898023	2237193	Python3	mrowa	
3	24.75	2051334	1868827	C++	Dwarth	
3	24.74	3861502	4017087	Javascript	BullaDor	
3	24.73	4817540	4421047	Java	Toussaint	
3	24.73	2480154	1917132	C++	_Link_	
3	24.73	2952263	2129228	Python3	RenSuzaku	
3	24.71	952796	3431384	C++	CodingTurtle	
3	24.71	3611618	4649094	Python3	PythonAV	
3	24.7	2656118	1937555	Python3	yanamal	
3	24.68	4780840	4033578	Python3	eagercheesecake	
3	24.65	933456	2212372	C#	Oran	
3	24.64	3226448	2975096	Python3	tobk	
3	24.63	1449433	1971105	C++	Rolf	
3	24.61	2104815	2331554	Python3	MaTMaT	
3	24.61	1694898	1873991	Python3	tcchiang	
3	24.58	3432028	2489307	Javascript	blu_fish	
3	24.58	4298841	3701573	C#	Dapps	
3	24.56	3446473	2496404	Javascript	proprofondo	
3	24.54	2475464	3847521	Python3	ArturSworski	
3	24.54	1950660	2195925	Java	wfkdbchjkkjroenj	
3	24.54	2128759	1933954	Haskell	Hjulle	
3	24.53	3817169	3129729	Python3	Knowbody	
3	24.52	3173155	4387176	Python3	Th3Kr0w	
3	24.48	1209562	1872244	C++	Jiway	
3	24.41	3982472	3148768	Java	Cousnouf	
3	24.4	4720593	4544423	Python3	DockerMaster	
3	24.32	2120082	2346386	C#	Grishnakh	
3	24.31	3718693	3007211	TypeScript	ArneBanane	
3	24.29	1902767	3111271	TypeScript	Kenny92	
3	24.28	2575019	1861127	PHP	gabriel2combe	
3	24.25	2923475	2184624	C#	Trist0214	
3	24.25	3317583	2341906	Python3	Mjo	
3	24.23	992961	1867010	Java	EasyAsPai	
3	24.22	2464160	4558776	Java	Taeth	
3	24.19	3657937	3398087	Python3	elderlybeginner	
3	24.18	2480121	1928327	C++	jimmywu	
3	24.17	4489122	3990971	Rust	c0r3dump	
3	24.16	4848253	4265653	Javascript	TallTechDude	
3	24.15	3712845	2704210	Java	origabay	
3	24.13	1464932	1935629	Java	Tiramon	
3	24.1	1785015	4060052	Python3	mabouya	
3	24.1	3794826	2848259	Java	yucky7643	
3	24.08	1507057	2651547	Python3	[HUN]Banyaib	
3	24.08	1456728	4369913	C#	MotorbikeSteve	
3	24.03	3406987	3191899	Python3	Radu_Sav	
3	24.01	2116737	1944779	Java	Meddee	
3	23.99	4082523	3759764	Python3	CarltonBanks	
3	23.98	2482615	2822131	Scala	Zenobia	
3	23.97	4315171	4256853	Java	Soucis	
3	23.97	835387	2308517	Java	Arcx	
3	23.95	3197936	3437483	C	Kiseli	
3	23.94	1415878	2476981	Scala	roman-roman	
3	23.93	3226249	4540685	Java	VartanKokoghlanian	
3	23.92	3530691	4715317	Scala	marctdt	
3	23.91	1439354	2635930	Python3	hvuhsg	
3	23.9	2115491	2651813	Javascript	Haashi	
3	23.88	2571774	1870499	Java	Kannely	
3	23.87	3903473	3336672	Python3	Konstant	
3	23.85	394418	4081327	TypeScript	DonEmerico	
3	23.84	3689751	2690370	TypeScript	Eru_Ryuszaki	
3	23.84	1581157	2605744	C++	kurmis	
3	23.83	3404747	3026704	Java	Yaanaa	
3	23.81	5035324	4429226	Ruby	UntitledAsao	
3	23.8	1979287	4310436	C#	warbio	
3	23.79	3812273	3227076	C	Jabberwocky733	
3	23.72	925695	2305191	OCaml	Boulet	
3	23.7	5292244	4709777	Python3	auchan	
3	23.67	3274049	2320262	Python3	Tarleya	
3	23.65	3016830	2599636	Javascript	Doubrixel	
3	23.62	957334	2129651	Java	Dam	
3	23.61	4011124	3439278	C++	Ariste_j	
3	23.6	993630	2069946	Python3	WVN	
3	23.56	2521626	2646654	Java	Rylox	
3	23.54	5300766	4724812	Python3	jddingemanse	
3	23.51	704875	2307064	C#	XaY	
3	23.49	4980731	4559598	C#	mhoullier	
3	23.49	926167	2633584	C++	Hunyadix	
3	23.48	3429829	2463532	PHP	totoffff	
3	23.48	4926496	4412857	Java	PopoleSama	
3	23.47	5101647	4489659	Java	CIR3-Hugo	
3	23.47	3279242	4428450	C++	merzgling	
3	23.45	1483304	1869129	C++	Nefex	
3	23.44	3651378	4599824	C#	NoOzZy	
3	23.44	2555066	2421881	Python3	dyc3	
3	23.43	938553	1936353	Javascript	TcodingT	
3	23.42	1442896	2440694	Javascript	Rubbisherman	
3	23.4	3770928	2834794	C++	kuhqku	
3	23.4	2897668	3328181	Python3	Breital	
3	23.39	2188450	2503960	C++	PomPoz	
3	23.39	3896939	3241752	Python3	MrChocSalmon	
3	23.38	4054394	4300622	Swift	Kreontsa	
3	23.37	1831684	4447533	Kotlin	dbf	
3	23.36	5076028	4487978	Java	CIR3_AurelienRoge	
3	23.36	4475641	4455856	C#	HellHunterMax	
3	23.36	1855354	2460519	Python3	KiwiTae	
3	23.35	4106096	3385282	Python3	Gaspa	
3	23.34	1369177	2325961	C#	PernicN	
3	23.34	3023560	4391954	Python3	LasChicas	
3	23.34	4974106	4552805	Python3	LSleoz	
3	23.33	2480114	1916232	C++	BeePunch	
3	23.33	1994294	1889296	C#	Samer	
3	23.32	3760956	3023302	C++	GeekNbOne	
3	23.32	4184000	3501593	Python3	VannHell	
3	23.32	5189443	4539447	Python3	ravendec	
3	23.3	2463507	1877604	C++	Vakema	
3	23.3	3294304	2357293	C#	Nelenii	
3	23.29	1701043	1867801	C++	Qnu	
3	23.28	1179357	2095805	Javascript	avdg	
3	23.27	3984820	3954498	Python3	EliaDF	
3	23.26	5035365	4431781	TypeScript	Vovch	
3	23.25	3010654	2219845	Javascript	Taghurei	
3	23.25	3319855	3681624	C#	Drobor	
3	23.24	4758106	4033296	Java	MariePivette	
3	23.23	3513846	2893881	Python3	sagalovsky	
3	23.23	5004997	4416417	Javascript	Valer92	
3	23.21	1351763	1870041	Ruby	gatto	
3	23.2	1195663	4018952	Java	TimberLefief	
3	23.19	1457162	1875571	C++	JFB	
3	23.18	1703014	2681612	Python3	LV_up	
3	23.17	1588135	2252993	Swift	bjurner	
3	23.17	1543333	4427419	C++	ishibashijun	
3	23.17	4397866	4560211	Java	Fulgator	
3	23.17	1569420	2995321	Python3	Tuo	
3	23.15	1814485	1861607	C#	Fluttershy	
3	23.15	1282167	2099533	Python3	Spaceninja	
3	23.15	1743344	1906654	Javascript	ush189	
3	23.14	3576761	3046840	Python3	Ahjit	
3	23.12	2845787	2078826	C#	Bluesheep	
3	23.11	4001089	3122571	C++	n00req	
3	23.03	228904	2676155	C#	Regan	
3	23.01	2508635	2343928	Java	hemhel	
3	23	1422564	4436424	Python3	stolyaroleh	
3	23	3432489	2464884	PHP	Rhayader	
3	23	1402518	2258347	Java	PinkiePool	
3	22.99	1305374	2356750	C#	Frankich	
3	22.96	160488	4375342	Ruby	rivsc	
3	22.95	3474151	2487965	Ruby	lambda_t	
3	22.9	2122087	1870910	Python3	RENZOU	
3	22.89	1579627	2062867	C#	Bahrani	
3	22.8	4562863	3969400	Python3	Benoit-Simunsol	
3	22.8	2736885	4506597	C#	Oclamarius	
3	22.79	3101644	2432808	Java	HerrHagner	
3	22.78	2212845	2327025	C#	EricB85	
3	22.75	1411735	2316992	Ruby	lordaniel	
3	22.74	3654176	3834797	Python3	hardkod	
3	22.73	1337394	2845677	Python3	--CC--	
3	22.73	3775656	2835477	Python3	Folichon	
3	22.73	3586725	4025791	PHP	obrozer	
3	22.72	4182948	3505356	Javascript	ksic	
3	22.7	2329349	2606900	Javascript	HeeSunKim	
3	22.67	2914114	2096403	Javascript	canda	
3	22.66	1573471	2151418	C#	decompiled	
3	22.62	2579909	4315430	C++	Valentin271	
3	22.61	2796216	4429968	C#	Ritharn	
3	22.61	2636264	1867303	Python3	mattdeal	
3	22.59	4760128	4028447	Java	SarahPetit	
3	22.56	3046608	2234043	C#	BotWerx	
3	22.56	1029602	1964758	C	Potemkine	
3	22.55	4835962	4179484	Python3	gin12358	
3	22.54	4081634	3678691	Python3	Wontonimo	
3	22.53	2353603	1902359	Pascal	MrSok	
3	22.52	347029	1863237	Go	Kevapo	
3	22.52	1207862	2204371	Java	wirlwind44	
3	22.51	614215	2737491	Java	Jo	
3	22.49	4992075	4488242	Python3	RogersMath	
3	22.47	721943	2462521	Python3	dbourasseau	
3	22.46	2387233	1870620	C#	SinOfWrath	
3	22.45	1113432	1863335	Java	ThierryC	
3	22.44	4081047	3779148	Javascript	Rezhay	
3	22.42	5314492	4731942	Python3	Bep	
3	22.41	3327027	2343417	Python3	Ton7on	
3	22.39	3564009	2600490	Lua	Waffle3z	
3	22.38	1575342	1866437	C++	T7ung	
3	22.36	1060019	1882689	Python3	thyshimrod	
3	22.36	1537951	3401184	Java	Nerchio	
3	22.36	3096316	2430322	C#	Raymund0	
3	22.35	3985395	4406214	C++	Airfly	
3	22.34	2719604	2575676	Python3	vpoulailleau	
3	22.33	4852790	4724259	Python3	stochastyx	
3	22.3	2998183	4475847	Java	Mysta_noon	
3	22.29	3522147	2992779	Javascript	Gotham	
3	22.27	1205995	2594501	C#	KarlH	
3	22.26	5109795	4627402	C#	Nestop	
3	22.2	3389108	2440696	Javascript	HaydenNZ	
3	22.18	3779670	2841819	C++	fvla	
3	22.16	2451652	1880046	Java	code_of_the_dead	
3	22.12	3980404	3101552	C#	SpectraIl	
3	22.1	3141339	2235662	Python3	Crabby	
3	22.09	3533569	2609738	Python3	CaribouDuDesert	
3	22.05	5041117	4429207	Python3	qtiee	
3	22.02	2975037	4489346	Python3	HannibalSmix	
3	22	2794529	2025883	PHP	merdoyant	
3	21.98	3603031	3466096	C++	IHI	
3	21.97	1803811	1943960	C	TabascoEye	
3	21.96	1185187	1872163	Java	gamerOfThrons	
3	21.92	1096274	1875616	C#	DrBrask	
3	21.91	2923506	2578853	C++	darkhorse64	
3	21.9	1172405	2677081	Python3	Chrisvossetje	
3	21.89	1481693	1860976	C++	aniski	
3	21.89	1317264	2996591	Python3	Manny42	
3	21.86	2849131	2083323	Python	MarKamui	
3	21.86	2000540	4538739	C#	rombolshak	
3	21.86	4878871	4248883	C++	geriko7	
3	21.85	4039884	3329925	Pascal	mzbear	
3	21.84	2576701	3710579	Python3	LustOne	
3	21.84	4119030	4720815	Rust	Warui	
3	21.84	4765249	4515821	Python3	SchmittTrigger	
3	21.83	2050195	2322936	Javascript	eklore	
3	21.81	2061249	2590546	C++	delisea	
3	21.78	3046029	4033926	Javascript	Skel	
3	21.77	828213	1860547	Go	anst	
3	21.74	165671	3114554	Python3	LoopCodeRecur	
3	21.73	1439408	1946468	C#	devart64	
3	21.72	3073020	3140126	Java	_francois_	
3	21.68	3320096	2336154	Swift	mnsn	
3	21.67	1671534	3059354	Python3	Azheelthorn	
3	21.55	2117160	3007247	TypeScript	Waterpumpee	
3	21.54	2719883	1954607	Java	tho1294	
3	21.52	2138984	3113026	Python3	jobegood	
3	21.51	3487032	3514949	Java	GrekMaR	
3	21.51	2480153	1889887	C++	yourGrandma	
3	21.51	4769662	4029582	Java	PACO_NICO	
3	21.47	275620	1873922	C++	M.C.L.	
3	21.47	2480164	1885893	C++	Howard123	
3	21.38	5025272	4423640	TypeScript	theKwoka	
3	21.37	1611699	3117748	Java	EpiFlop	
3	21.33	664164	3090380	TypeScript	Jeako	
3	21.3	4974359	4494601	Swift	M-M-M	
3	21.28	2397599	1861101	Python3	dukemarty	
3	21.26	1511326	2632889	C#	Zaphire	
3	21.25	5140017	4563060	Python3	louls	
3	21.24	2397787	3379424	Perl	BenLeGob	
3	21.22	4682285	3973170	Java	GdzieTuSens	
3	21.19	1557915	2677103	Javascript	dtd	
3	21.19	2004714	2250486	Scala	Rayho	
3	21.18	1903031	1861337	Python3	hard-coded	
3	21.18	3515687	3861498	TypeScript	F3YoD	
3	21.11	1913525	1860912	C++	Drus_O	
3	21.11	584282	4688901	Java	kalman	
3	21.09	4397800	4567930	Java	GregoL	
3	21.09	5107836	4527859	Javascript	GNI.Sog	
3	21.08	1895182	1871037	Javascript	Jean_Francois_R	
3	21.07	1390227	2009656	Javascript	scorbiere	
3	21.06	1109907	3674866	Javascript	polpoul	
3	21.06	3026548	2183485	Python3	numbermaniac	
3	21.05	914013	1863654	Python3	HexTree	
3	21.04	695625	4474507	Python3	djdillon	
3	21.03	1655844	2688497	C#	Microjr	
3	21.03	1848081	2079415	C#	Matthieu.B	
3	21.03	2017805	3367981	Python3	Winter_not_comming	
3	21.02	2572045	3393712	PHP	Essort	
3	21.02	2660470	2448801	Java	Perdur	
3	21	5108634	4478842	Python3	FHormel	
3	20.99	3431596	2459670	Python3	Flo22	
3	20.97	1629402	1885201	Haskell	asvyazin	
3	20.97	2791444	2203536	PHP	JonSlug	
3	20.96	262688	2345126	C#	CortexSuperior	
3	20.96	4230851	3524819	Python3	elendure	
3	20.94	157377	1938741	Python3	McKelian	
3	20.93	1669937	2248842	Kotlin	RomainD	
3	20.9	3434013	3361748	Python3	Romil	
3	20.89	827741	2709756	Java	MuineXD	
3	20.89	1336138	1970992	Python3	wyrdoe	
3	20.84	3426168	2462780	Python3	UnDay	
3	20.84	944365	2282094	C++	thomas.colibert	
3	20.83	4866848	4226585	Python3	Need1s2killu	
3	20.82	1582011	2161825	Python3	cryp	
3	20.81	3614084	2634546	Javascript	vseow	
3	20.79	3097587	2213971	Python3	Pietrak	
3	20.79	993184	1861230	C#	Marchelune	
3	20.78	2093060	1861065	Python3	OursDesCavernes	
3	20.77	3189153	2504191	Java	Klaatu	
3	20.77	3026079	2235146	C#	CodinGame231	
3	20.75	1283101	2323839	Python3	xtremx974	
3	20.73	153957	2337853	C#	JeremyV42	
3	20.72	5068435	4487471	Java	sljtre	
3	20.71	1330110	4699914	C++	AhmedHamed	
3	20.7	3918583	3796960	Rust	mikmak	
3	20.7	2914171	2683590	Python3	breizhgeekjunior	
3	20.68	1992560	1878311	Python3	pusiux	
3	20.67	3382273	2666062	Python3	hasleron	
3	20.67	2781753	3794264	Scala	execdd17	
3	20.66	1744280	3922034	C#	Almiks	
3	20.65	2662460	1887282	Javascript	Gamli	
3	20.61	2715508	2022422	Python3	Anth	
3	20.59	2592367	2101607	C#	Jokero	
3	20.52	5032539	4424170	C#	adwitkow	
3	20.52	3031924	2702256	Python3	Kassout	
3	20.48	2714519	1948149	Python3	pangeland	
3	20.48	1396594	1941074	Javascript	aroy314	
3	20.48	2401975	3320312	C#	KeepCaIm	
3	20.39	2178052	2654287	Python3	NeonRift	
3	20.36	4641805	4324827	C++	Whithin	
3	20.35	2578232	2421883	Java	Althias	
3	20.32	4301959	3808440	Python3	Tatsinskaya	
3	20.32	4187801	3707009	Python3	thevoyager	
3	20.28	4460636	4288595	Python3	NukeGandhi	
3	20.26	1214539	2665387	Python3	Jambzee	
3	20.26	1816012	4308636	TypeScript	Graphmaxer	
3	20.25	2698546	2427195	Javascript	Eniotan	
3	20.24	1813469	1918204	Go	RandomLogic	
3	20.24	2837654	2660937	Go	R2B2	
3	20.24	2529602	2680810	Javascript	Farlox	
3	20.22	2400928	1861554	Python3	Gilsidoo	
3	20.21	2555611	2738661	Python3	SpiderSas	
3	20.21	4133851	3385433	Python3	gagniou	
3	20.19	2663957	2892108	C++	MarcelZieba	
3	20.14	1172955	3315948	Java	aabzac	
3	20.13	3914938	3124499	Javascript	ArthurDejaPris	
3	20.13	1172385	2678769	C#	LuckyMe	
3	20.08	2641660	2995596	C++	Felix93	
3	20.06	1336780	2462236	C++	SergejA	
3	20.05	1944579	2842058	Java	Vinland	
3	20.04	2157922	2050260	Python3	cylon86	
3	20.04	4205394	3507435	Python3	hyndruide	
3	20.02	3634864	2646601	Python3	Jakub_Rojek	
3	20.01	3614281	2694341	Java	Vrok	
3	20.01	4281792	3509798	Python3	YorkParodie	
3	20.01	5216540	4552617	Python3	Kustonnn	
3	20	2646370	2436628	Python3	DenShlk	
3	20	4058503	3805601	C#	TerryMalone	
3	20	2680190	1908913	Python3	brarrow	
3	19.99	1402968	2126182	Python	MMMAAANNN	
3	19.99	4132091	3467832	Python3	naunauyoh	
3	19.99	1370451	4722789	C++	VeniTheRich	
3	19.97	3516032	3750872	Python3	Labdahal	
3	19.97	2173677	1874160	Python3	Raubtaube	
3	19.95	2480127	1903997	C++	Xu-Kuan	
3	19.94	2999053	2333400	C#	Barnet	
3	19.91	4860050	4292765	Java	decki	
3	19.89	3979353	3402835	Java	MrGG	
3	19.89	3637352	3779465	Python3	Folhen	
3	19.88	4022724	4320716	Javascript	RChopi	
3	19.88	3543347	4525434	Java	pred	
3	19.86	3701616	4440912	Java	loic34	
3	19.86	3984901	3132420	Java	Qwary	
3	19.86	3419066	2614886	Python3	xR3m1x	
3	19.85	155887	1955862	Javascript	BanBan	
3	19.85	1835014	2342423	C	Frits	
3	19.84	3774045	2997549	Python3	MasterDuck	
3	19.83	938796	2665260	C++	Cyrilus64	
3	19.83	1833348	2647263	Python3	Jonathan.R	
3	19.83	2242985	1940861	C#	Keve	
3	19.82	862919	2706113	C++	Astrobytes	
3	19.82	4316367	4312510	Javascript	Garfield100	
3	19.82	4662405	3985375	Python3	helpmefindaname	
3	19.82	5068460	4486556	Java	CIR3_AlexisMallet	
3	19.82	1478706	2585865	Python3	The-Dude	
3	19.81	1786981	3033136	C++	Smaczny_Przem	
3	19.81	2255187	2073459	PHP	rom_02	
3	19.81	2794638	2081479	Java	patrickm	
3	19.79	3908843	3060582	C++	xd15zhn	
3	19.78	4760137	4020974	Java	ElliottV	
3	19.78	2897325	2209480	Python3	CAEZAR	
3	19.77	4142186	3405001	Java	--Closer11--	
3	19.77	4760119	4029405	Java	Celestros	
3	19.74	4317449	4306923	Java	programmmmer	
3	19.71	523185	2685457	Java	Hjax	
3	19.69	2575431	2059043	Python3	Kyubi	
3	19.69	551895	2629991	Go	Daluc	
3	19.69	4022435	3145767	Python3	Timothee1997	
3	19.68	3177468	3887802	Python3	TheGracieHunter	
3	19.66	2668212	1900917	C++	aisu170232	
3	19.66	2243940	2496407	Python3	Revenge911	
3	19.65	3256614	2322736	Python3	FredL	
3	19.65	3135677	3171208	C#	mohamed25	
3	19.63	2023965	2589379	Java	Tempomancer9934	
3	19.62	2320530	1865037	Python3	Ferris	
3	19.59	1937375	2430375	C#	Agito	
3	19.58	3772452	2989940	Go	thibaut_bremand	
3	19.58	2923951	2103122	Python3	franchoy	
3	19.57	2771439	3126209	C++	fixthegame	
3	19.57	2024033	2581739	C++	Suenodk	
3	19.57	3372922	3709401	C	Bazoukiwi	
3	19.57	1477622	1952629	C#	zrdon	
3	19.56	4077996	3318137	Python3	Amabaku	
3	19.56	1788575	4717989	Rust	kylox	
3	19.54	2026088	2604944	Python3	Michelle01	
3	19.52	2480146	1916981	C++	claire.liu	
3	19.51	1838612	3428898	Rust	statiolake	
3	19.5	3721214	3043874	Python3	jrke	
3	19.5	4856689	4166217	Javascript	kader01bouch	
3	19.49	3611257	4490821	C++	Apodus	
3	19.48	1634781	2337327	C++	O.lg.a	
3	19.47	5051868	4443722	Python3	Im_so_Noob	
3	19.47	2155916	2634199	Python3	ButterflyEA	
3	19.47	3444401	2476666	C#	Marcika	
3	19.47	3398660	2440180	Java	JamesLiKitomba	
3	19.46	3070067	3905778	Python3	ziolekmaciej	
3	19.45	1220859	3386660	Java	GAB	
3	19.45	4484024	3806127	Python3	Hize	
3	19.45	2137708	2488757	Javascript	BrainConverter	
3	19.44	4144079	3764008	Java	raphau	
3	19.41	4158692	3980169	Python3	All2u	
3	19.41	3373712	2435348	C#	SuperStrange	
3	19.39	1630901	2676530	C++	Pand0re	
3	19.38	1784315	2328714	Python3	VianneyN	
3	19.38	2893007	3381127	C#	EngiGames	
3	19.38	1953786	2481202	Python3	ludowsky	
3	19.37	2290633	2345625	Python3	field3	
3	19.37	2442182	3101542	C#	Kojesma	
3	19.37	3680240	4059391	Java	petiseb	
3	19.37	3105160	3984944	TypeScript	valentinwmtz	
3	19.37	2252914	1875754	Python3	Malleek	
3	19.37	3536382	4731925	Python3	FranckR34	
3	19.36	5068417	4485882	Java	ISEN_CIR3_THRAFFR	
3	19.36	2577017	3080196	Javascript	ThomasCrep.	
3	19.35	3993588	4409040	Python3	hbgg	
3	19.35	1752303	2503840	C++	murrayr	
3	19.34	1318207	2698903	C#	Liezz	
3	19.34	1164384	2250863	Javascript	Hiroshimaru	
3	19.33	4133128	3847284	Rust	RustyRuster	
