League	Score	UserID	AgentID	Lang	Pseudo	#multi,count=4588,time=2023-01-19 00:58:25
4	29.21	4062038	4690229	C++	delineate	
4	28	3348388	4692131	C++	bowwowforeach	
4	27.73	820000	4694282	C++	ValGrowth	
4	27.42	4802230	4693724	C++	Nanaeda	
4	26.58	1082988	4689413	C++	Saelyos	
4	26.51	4154326	4694522	Go	montplusa	
4	25.61	880353	4692518	C++	zasmu	
4	25.3	1629759	4698746	C++	MSz	
4	25.1	1737246	4690838	Python3	Adam798	
4	25.07	1500515	4690170	C#	eulerscheZahl	
4	24.84	1818159	4697489	C++	JRFerguson	
4	24.4	3819989	4692696	C++	KawattaTaido	
4	24.15	3193653	4692507	C++	karliso	
4	23.94	2577687	4692300	C++	blasterpoard	
4	23.83	873958	4694656	C#	cheeser	
4	22.95	542999	4690740	C++	arturgo	
4	22.95	154984	4689544	C++	_Royale	
4	22.65	3042651	4693716	Go	slamo	
4	22.57	2522090	4693144	C++	MSmits	
4	22.53	610934	4693740	C++	y_kawano	
4	22.44	3801587	4691442	Python3	FlyingChoucroute	
4	22.4	4063805	4692570	C++	viewlagoon	
4	22.34	335954	4693792	Java	nmahoude	
4	22.24	3235897	4691583	Java	Zylo	
4	21.89	1944726	4692982	C++	bourgeof	
4	21.87	668954	4693244	C++	Fluxor	
4	21.86	2311105	4711190	C++	kovi	
4	21.83	351062	4690413	C++	Neumann	
4	21.82	939375	4692716	Python3	Indrill	
4	21.7	893541	4694646	Java	wala	
4	21.56	1114834	4706104	C++	k4ng0u	
4	21.24	5111479	4708551	TypeScript	hoangdt9	
4	21.15	4612757	4699627	C++	AlgoAce	
4	21.13	3836429	4693091	Java	hippipo	
4	21.07	4491402	4700066	C++	bregneau	
4	21.05	5246622	4689959	C++	RinSakamichi	
4	21.02	3629685	4705681	Javascript	Apofils	
4	20.95	3502478	4690329	Kotlin	tachan	
4	20.9	5111375	4707302	TypeScript	hs.tung	
4	20.82	2406320	4691584	TypeScript	aivarsliepa	
4	20.69	1703255	4693973	Python3	ClementC	
4	20.66	3811112	4692005	C++	yukine3	
4	20.54	1290569	4705695	C#	a76a44	
4	20.42	2661980	4692966	Rust	Leos	
4	20.38	3136787	4695070	C++	jacek	
4	20.36	1106450	4693730	C++	RiSuS	
4	20.35	3552779	4689648	C++	Peake	
4	20.34	3918583	4704896	Rust	mikmak	
4	19.67	3069534	4692271	Java	LoganWlv	
4	19.53	3514237	4692264	C++	ucarts	
4	19.39	2711438	4693043	Java	Aeneas	
4	19.36	2021126	4692342	C	FPSCUBE	
4	19.3	869323	4693628	Ruby	Ferra	
4	19.21	1201796	4710635	Javascript	P.Greze	
4	18.47	4054608	4692439	C++	Rikus	
4	18.3	3690597	4705804	C++	But_Why	
4	18.24	2197296	4693814	C#	Elost	
4	18.2	4046568	4700437	Rust	jfaixo	
4	18.15	4392834	4691072	C++	dasopapa	
4	18.1	4065897	4691779	C++	tkodai	
4	17.7	3123981	4706440	C#	AAAAnt	
4	17.44	4058636	4705786	C++	HMMD	
4	17.26	1765864	4693813	C#	SeJ	
4	17.07	4300424	4709583	Rust	kurnevsky	
4	16.9	1537951	4692846	Java	Nerchio	
4	16.75	4067707	4706522	C++	therealbeef	
4	16.74	3245819	4692757	C#	TomA	
4	16.36	1487392	4709497	Rust	Razielwar	
4	16.32	3244158	4694876	C++	rafaelcs	
4	16.22	3729666	4709757	C++	peerdb	
4	16.11	4339909	4706998	C++	mado-	
4	15.77	1455753	4702234	Python3	Lysk	
4	15.22	443750	4692733	C++	mlomb	
3	30.35	3533119	4709570	C++	wlesavo	
3	30.18	2968035	4694123	C++	DomiKo	
3	29.88	4293521	4706938	Python3	AnteCristo	
3	29.22	1178569	4693853	Python3	Azerrr	
3	28.92	4525557	4690143	Python3	_KnightMarh_	
3	28.78	3738174	4710833	C#	luvoco	
3	28.75	999411	4692023	C#	Kelos	
3	28.71	2128673	4690604	Python3	larrymotter	
3	28.63	4095128	4712358	PHP	Voltmachine	
3	28.54	2622199	4692769	Python3	dungnss	
3	28.51	1347751	4691412	Java	FunFR	
3	28.18	3738782	4706388	C#	Inaniwa	
3	28.11	3015376	4693472	C++	gaha	
3	28.03	508460	4696488	C++	Volia	
3	27.89	271945	4692694	C++	aangairbender	
3	27.79	1663349	4693111	Kotlin	Low-T	
3	27.71	1422564	4700889	Rust	stolyaroleh	
3	27.67	3256846	4690540	Python3	Yohann62	
3	27.47	4834559	4690045	Python3	_GBS_	
3	27.46	1127783	4702106	Python3	zouzou	
3	27.38	4392313	4691283	Python3	dollkong	
3	27.21	4392420	4692452	Java	[The_Great_Wizard_Jenkins]	
3	27.04	4801044	4694074	C++	T19	
3	26.94	4524511	4707082	Python3	TheCondors	
3	26.94	4324991	4692615	C++	Zach-Leee	
3	26.69	2247033	4693905	C++	Enchante	
3	26.65	3018178	4691375	C++	Fallback	
3	26.58	1179950	4692106	TypeScript	PattoWaGuruDesu	
3	26.56	1372349	4692858	C++	NinjaDoggy	
3	26.52	4301550	4690539	C	Sabenson	
3	26.5	4069531	4696008	Javascript	KaPen	
3	26.47	4452961	4709071	C	Sheeesh---	
3	26.46	886483	4697273	C	R4N4R4M4	
3	26.43	3026370	4690064	Python3	Kenshi235	
3	26.43	4800109	4695191	C++	abouchfa	
3	26.41	4322941	4695296	C++	hexagonee	
3	26.4	4869092	4692844	Javascript	GigaMegaUltraItalian	
3	26.4	5145701	4690197	Ruby	LocK._	
3	26.39	3860044	4692940	C++	mamoussa	
3	26.39	154935	4692608	Scala	yamo	
3	26.39	2566623	4693729	C++	VincentBab	
3	26.38	4296900	4693133	C++	hok	
3	26.37	153527	4691962	Python3	Amendil	
3	26.36	4656268	4692094	Java	Plefevre	
3	26.36	4408795	4690203	Python3	subin0.kim	
3	26.35	3820844	4693574	Kotlin	yukidaruma6	
3	26.34	4256431	4690526	Java	butcher2013	
3	26.34	1630890	4692598	Java	Wld	
3	26.32	4952348	4693393	Python3	albzn	
3	26.25	3902927	4689754	Python3	Bulgot	
3	26.25	3719253	4691452	Javascript	daffie	
3	26.22	4230284	4693351	C++	Mriant	
3	26.04	5057466	4693231	Python3	Yai	
3	26.02	5236827	4690666	Python3	zior_pop	
3	26.01	5095582	4692790	Javascript	bx.thoai	
3	25.99	5243926	4689836	C++	Kaloyan	
3	25.77	4308501	4689403	Python3	TheBobbyCarotte	
3	25.54	5254182	4689612	C#	Astro75	
3	25.46	4409495	4691629	Java	[A_Million_TikToker_Hudson]	
3	25.45	1237555	4689828	Java	groplaf	
3	25.42	2998967	4712067	Java	Gilde	
3	25.38	3846895	4693708	Python3	titia	
3	25.37	3533314	4690172	C#	skotz	
3	25.3	4398402	4690662	Java	jupaman	
3	25.25	4494650	4692831	C++	dsamain	
3	25.24	5213264	4691504	C++	Vikings92	
3	25.24	3971358	4711892	C++	OldJohn	
3	25.21	5151457	4690703	Python3	chwann	
3	25.19	956759	4689583	Java	anthoxo	
3	25.18	3683265	4694214	C++	Bondo416	
3	25.12	1869024	4692572	Java	Xa2017	
3	25.11	4281681	4693100	TypeScript	BiasInput	
3	25.1	2786666	4693723	C++	TetraktysPhi	
3	25.1	3188551	4697979	TypeScript	ashelkov	
3	25.09	2490008	4692169	C++	ebicochineal	
3	25.09	1451652	4692354	C++	afaure	
3	25.01	4319545	4691392	Javascript	Bobmrt	
3	24.97	4515854	4692057	Javascript	blackJack09	
3	24.94	2363657	4693061	C++	Ztrk	
3	24.92	484004	4692583	C#	aCat	
3	24.91	2906497	4693327	C++	daaskare	
3	24.9	1239545	4692581	Go	jke	
3	24.9	2539264	4691397	Python3	Nabla_5ch215	
3	24.74	5182511	4690877	Python3	tmdwns123	
3	24.73	3621136	4691956	Python3	MichaelPu	
3	24.73	4168857	4692910	C++	Staf	
3	24.71	3476425	4692517	Kotlin	_UncaughtException_	
3	24.7	4392466	4689991	Java	KwonHouse	
3	24.68	4607752	4693660	C++	bangerrrrrrrr	
3	24.61	4262172	4689632	C++	highjump	
3	24.6	4087883	4694645	Javascript	Oshen_	
3	24.59	4974605	4691815	Java	omega_moment	
3	24.53	2233179	4692062	Rust	Samsa	
3	24.53	4061510	4689789	Python3	Frederic7	
3	24.3	3273587	4693647	TypeScript	wandri	
3	24.23	5260312	4692514	C#	cocodingo	
3	24.21	865548	4691782	Rust	Kktus	
3	24.2	3723210	4691755	C#	ChristopherHahn	
3	24.17	862819	4690746	C#	Umbakrail	
3	24.09	3834291	4694186	C++	yhyoxx	
3	24.07	979569	4690892	Go	khanh_alice	
3	23.93	4398427	4690570	Python3	YoungBot	
3	23.93	4875057	4691255	C#	GregBych	
3	23.81	4803031	4693099	Ruby	pierrorob	
3	23.74	3513731	4691044	C#	Ratmac	
3	23.69	4073854	4707879	Java	Buk.	
3	23.53	5182897	4694158	Java	Duralium	
3	23.52	2605855	4691178	C	logiqub	
3	23.37	4743931	4693524	Python3	Djak47	
3	23.36	3770509	4690003	C#	yupiteru	
3	23.35	4392923	4692708	Java	x[0]	
3	23.25	4392204	4692314	Python3	wakanda-forever	
3	23.2	5243552	4706370	C	alimouri	
3	23.15	1480501	4690957	C++	DaFish	
3	23.13	3651427	4691536	Rust	Stoub	
3	23.13	1631358	4690036	Python3	joelthelion	
3	23.11	3638423	4692853	Java	JOiy	
3	23.09	1102132	4692657	TypeScript	Vol4n3	
3	23.08	2792530	4691564	Go	Xanrum	
3	23.05	5232931	4690942	Javascript	Beom.ll.Wang	
3	23.05	5118154	4692159	C	bmoll-pe	
3	23.04	1030944	4697318	C++	Shadowar	
3	23.04	4779944	4692471	TypeScript	GlaceCoding	
3	23	3413276	4693031	C#	Piemert	
3	22.97	977117	4691515	C++	Psyho	
3	22.92	1872557	4692328	Go	FinkPloyd	
3	22.84	527890	4692832	C#	quetzy	
3	22.79	2997162	4690291	Java	Termynus	
3	22.79	4451440	4709145	Rust	exploder_	
3	22.77	2254195	4693317	Javascript	BrunoFelthes	
3	22.76	193315	4712594	C#	hau	
3	22.74	4603968	4693309	Java	GigaMegaUltraBolas	
3	22.72	4391824	4692236	C++	aamoussa	
3	22.67	1328922	4690024	Kotlin	eratosteron	
3	22.58	3938395	4691624	Python3	Quentin18	
3	22.58	1517413	4690796	C++	BrainslugClaptrap	
3	22.57	2508635	4696506	Kotlin	hemhel	
3	22.56	4401546	4691109	Java	walnutmaru	
3	22.53	1479930	4705901	C++	LeRenard	
3	22.52	5235858	4691778	Go	cskeum	
3	22.52	155896	4707729	PHP	gamoul	
3	22.46	4780206	4692307	C	JamesGarrigou	
3	22.46	4069286	4693046	Python3	DumbassDan	
3	22.45	4051850	4691167	Python3	Waluiji	
3	22.45	4462646	4692863	Python3	endecagon	
3	22.43	4858922	4693305	Python3	hai3nam	
3	22.4	3795474	4692766	Rust	.o0TVP0o.	
3	22.39	1477622	4690789	C#	zrdon	
3	22.38	1066745	4707149	Java	DepartmentOfRedundancy	
3	22.36	736075	4692810	C++	Xyze	
3	22.31	3525167	4692509	C++	fgsdt	
3	22.27	4071357	4689576	Python3	GrowlingBear	
3	22.21	836911	4691977	C#	chokudai	
3	22.17	424510	4691722	Kotlin	csj	
3	22.16	1782492	4693889	C#	TubeDeCode	
3	22.16	5094946	4693020	C++	TranLanHuong	
3	22.14	1687064	4692108	C++	JBoulic	
3	22.14	311035	4693188	Python3	leojean890	
3	22.12	4337092	4708417	Python3	Timinator	
3	22.09	5170852	4690815	Python3	uNi.with	
3	22.08	5143476	4691142	C++	SafeDriving	
3	22.05	1515891	4689841	Kotlin	ndc	
3	21.98	3513412	4690906	Python3	ronx	
3	21.95	5263677	4692963	C++	GigaMegaUltraMathias	
3	21.91	4506498	4694188	Rust	TimeEngineer	
3	21.84	653174	4690178	C++	Ccookie	
3	21.84	3055468	4690419	Java	binx33	
3	21.82	1799962	4691323	C++	LeRoiErrant	
3	21.8	3335921	4690030	Kotlin	vcoubray	
3	21.61	5266354	4691801	Rust	poka_cp	
3	21.56	4392592	4689790	Python3	unknownPlayer	
3	21.54	3737185	4690132	TypeScript	MLAW	
3	21.49	912633	4693411	C#	Poviliukas	
3	21.42	4415445	4692768	C++	UnSaumon	
3	21.41	5095028	4692350	C++	vtt.lam	
3	21.38	4604702	4695954	C++	Smazouz	
3	21.37	3438147	4690080	C#	levu74	
3	21.37	3645680	4690020	Javascript	DevWeb13	
3	21.35	1052271	4689507	C#	Bleash	
3	21.34	3457031	4693612	C	YurkovAS	
3	21.31	868459	4689397	Python3	Bamburbok	
3	21.29	3748819	4691718	C++	Flaj	
3	21.28	734816	4693867	Kotlin	asapha	
3	21.28	5190944	4692991	Python3	wenthome	
3	21.28	5202601	4693203	C++	0xen	
3	21.25	4315339	4693541	C++	Amous	
3	21.22	4856157	4690042	C++	bird01	
3	21.21	1792532	4690354	C#	Zanbez	
3	21.2	1540394	4703463	C#	LVdA	
3	21.19	153077	4690431	TypeScript	nerdzOrNotToBe	
3	21.16	3501342	4695336	C#	madddmax	
3	21.16	5191042	4692200	Rust	Saphir123	
3	21.09	3283415	4703621	D	Bon[]Crayon	
3	21.09	4794164	4692797	Javascript	mgkgng	
3	21.07	994468	4692589	C#	darkdieg	
3	21.06	5274184	4691301	C++	polo_lolo	
3	21.06	3428110	4691187	Python3	hugoa	
3	21.05	5258161	4690345	C++	Nobuta	
3	21.04	5223650	4691007	Javascript	OoLaVache	
3	21.04	3826720	4692841	C++	Noppo	
3	21.03	4361843	4693881	C++	BestZIKO	
3	20.99	3138661	4689801	OCaml	Salticid	
3	20.93	4392106	4689982	C++	erick.lee	
3	20.91	5048500	4693396	C++	Freya-Tenebrae	
3	20.88	4869678	4690487	Java	Quentin_Covfefe	
3	20.86	3855753	4693613	Python3	tuan91	
3	20.84	4846858	4691644	Dart	linkkader	
3	20.83	5008581	4693927	Python3	Guezzi06	
3	20.82	4036541	4693464	C++	Chitose	
3	20.8	5226548	4693895	C#	G-Raffiti	
3	20.78	5275437	4692635	C++	Rock-You	
3	20.74	3488945	4690333	C++	DanteDeathless	
3	20.73	3002025	4692687	Java	Yaraco	
3	20.71	1782814	4693448	C#	Trilusion	
3	20.66	4834769	4692405	C#	ovidiu.caba	
3	20.65	2235621	4692719	Python3	Tavoy	
3	20.64	1920415	4689728	Java	bortol	
3	20.64	1601217	4690060	C++	Heide	
3	20.6	4392871	4690974	Java	doorisun	
3	20.59	1811123	4693259	C#	Fouk	
3	20.58	4393052	4689993	C#	PeaceB	
3	20.58	981878	4692767	Java	nicolasD	
3	20.56	4629701	4692599	C++	Aptive	
3	20.56	4617573	4693352	C++	r4ndom	
3	20.55	5250694	4693374	Python3	sonlt23	
3	20.54	4077837	4691846	Python3	Deadfalcon	
3	20.52	568476	4693270	Java	Dje54	
3	20.5	5116599	4691615	Javascript	ht.quynh1	
3	20.5	799904	4692445	C++	iwashi31	
3	20.47	5095133	4693167	C++	bt.nguyen	
3	20.45	4060849	4693839	C++	pulau	
3	20.44	5232943	4689791	C++	Ryntan	
3	20.43	4451368	4693168	Python3	Tsukabishi	
3	20.42	2345902	4689483	Python3	HO	
3	20.36	837436	4693521	C++	aropan	
3	20.35	4286330	4690978	Java	soonw	
3	20.35	4392101	4691257	Javascript	seonho	
3	20.34	2267040	4693345	C++	Egaro555	
3	20.34	4284682	4691823	Python3	Momtaz	
3	20.3	5201725	4690029	Python3	SarahThompson	
3	20.28	2993705	4689710	C++	Alf802	
3	20.23	5242593	4691623	C++	snoopy31	
3	20.22	4285348	4695016	C++	bledda	
3	20.18	2718975	4690092	C	mykeich	
3	20.17	2869956	4690019	Python3	Oho	
3	20.15	488117	4690987	Rust	nikgaevoy	
3	20.13	4264673	4690766	Python3	ozozpa	
3	20.13	3209121	4689990	C#	LT_DNA	
3	20.02	4587356	4693693	Go	Vyt	
3	20.02	4732605	4691356	Python3	PoustouFlan	
3	20.02	523846	4690634	C#	Palmipedus	
3	20	4468576	4703204	C++	E869120	
3	19.99	3196495	4694000	C++	putibuzu	
3	19.97	4053266	4691884	C++	Mayimg	
3	19.97	5111512	4692741	Javascript	nh.van	
3	19.95	4870905	4690190	C++	sj97.hwang	
3	19.95	5242541	4691498	C#	RolloTomasi	
3	19.94	5115143	4691006	Python3	lt.son1	
3	19.88	2290633	4710064	Python3	field3	
3	19.85	3664238	4690671	Javascript	fbouibao	
3	19.75	4064924	4693313	C#	Re934	
3	19.66	1399382	4695668	C#	Regulus136	
3	19.66	1802967	4691537	Python3	Meruem	
3	19.65	4068076	4691159	C++	Metamong	
3	19.62	2123423	4693131	Javascript	splanard	
3	19.6	4407132	4690225	Java	ChangQoo	
3	19.56	1378958	4696125	C#	Illedan	
3	19.54	2398608	4690960	Python3	M_C	
3	19.5	3032166	4692008	C++	random_cast	
3	19.5	3060932	4695688	C++	boumagik	
3	19.49	4346635	4691342	Java	.arthur.	
3	19.44	4410898	4690327	Kotlin	YoonDooul	
3	19.44	2267070	4689402	Java	Notraly	
3	19.43	5066327	4692848	Java	eliASDSFDSAF	
3	19.42	712849	4690804	Java	Tabea	
3	19.4	4876756	4692460	Python3	MLG1978	
3	19.39	2924895	4692905	C	trictrac	
3	19.37	5114811	4692829	Javascript	bnt.hung	
3	19.37	1741614	4691673	Python3	toutatis	
3	19.36	4870820	4693052	Javascript	MaddRaven	
3	19.32	3148294	4693217	C++	moukasso	
3	19.3	928567	4692244	C++	Konstanta	
3	19.29	4800950	4707478	Rust	mshibatatt	
3	19.29	2590889	4690341	Rust	tsutaj	
3	19.28	1416180	4693114	C++	ddreams	
3	19.26	5260548	4693870	Python3	nishigake	
3	19.25	5241721	4689913	Javascript	titleist	
3	19.24	4832181	4702185	Java	VisualDev-FR	
3	19.21	2997415	4691723	C++	dforero	
3	19.18	5206504	4693394	C++	IgorCool	
3	19.15	226528	4693103	Java	Manwe	
3	19.11	4493066	4692000	Python3	Polynomu	
3	19.1	4438822	4692610	Python3	ludodul	
3	19.1	3256989	4689635	C++	rizant	
3	19.08	5191877	4693395	Python3	opqr	
3	19.04	4259902	4693972	Python3	Nalisco	
3	19.03	4656790	4707907	Python3	freddym	
3	19.01	2202771	4693453	Java	Kaplone	
3	19.01	4065718	4693511	Python3	hiraku	
3	19	1483234	4689952	C#	jbl	
3	19	2373953	4693118	TypeScript	Dridriun	
3	18.98	4848415	4690491	Javascript	Lab3ss	
3	18.93	2969181	4692756	C++	maras	
3	18.92	4317577	4708861	C++	kaede2020	
3	18.91	5233024	4693402	Ruby	Steamo_	
3	18.9	1861279	4689586	Java	NFTsPrivateSale	
3	18.89	3802525	4689900	C#	Chibikko	
3	18.88	4401402	4690943	Python3	smart84.son	
3	18.84	3873666	4692120	Python3	brthyyjp	
3	18.82	2897370	4689706	Python3	NickyKit	
3	18.82	704875	4691809	C#	XaY	
3	18.82	783337	4690301	Java	Dewey	
3	18.82	2637651	4691770	Javascript	Lusaka	
3	18.78	5255573	4691647	Python3	Skydonia	
3	18.78	1420269	4692592	Python3	Vischtor	
3	18.78	4048969	4693733	Python3	raspersc2	
3	18.77	3965752	4692494	TypeScript	SpiderSeb	
3	18.74	3691491	4703720	Rust	icecream17	
3	18.73	4519281	4696826	C++	snagat_666	
3	18.72	4856414	4693688	Python3	Iugi	
3	18.71	3751016	4695777	Java	Q12	
3	18.71	2592367	4692079	C#	Jokero	
3	18.69	1271511	4691295	C#	CodeProHero	
3	18.68	4474923	4692588	C++	omoussao	
3	18.68	856695	4690395	Java	colegu	
3	18.67	5236508	4690037	Java	Nier93	
3	18.66	3058369	4701531	Java	Matiou	
3	18.66	5128532	4689633	C++	yrhiba	
3	18.65	5163379	4693776	Java	int_long	
3	18.63	5226770	4692911	C++	AYGAOUA	
3	18.63	2167523	4691085	Javascript	Oz973	
3	18.62	1421608	4693893	Python3	EoruBoy	
3	18.6	5116649	4690799	Javascript	nd.anh3	
3	18.6	5230934	4692329	Javascript	name111111	
3	18.59	871477	4692548	C++	SuperJJ	
3	18.54	3534231	4704095	C#	Belghi	
3	18.54	4866523	4693928	C#	Feargin	
3	18.49	909153	4689626	Rust	Coac	
3	18.46	198916	4692993	Java	WhatTrickeryIsThis	
3	18.46	4200593	4692467	Python3	qwatry	
3	18.45	4698040	4693304	C++	dhubleur	
3	18.44	5256716	4690005	PHP	Ru63n	
3	18.42	1453934	4693169	C++	Rety	
3	18.42	977290	4689504	Python3	Darklighter	
3	18.42	4031451	4692400	Java	pbou	
3	18.4	1743344	4691396	TypeScript	ush189	
3	18.4	5232492	4692964	C++	AdiRobopec	
3	18.39	5227749	4693219	Java	Crocanura	
3	18.3	5209149	4690337	Python3	monk0909	
3	18.29	1485690	4693073	Javascript	Kikoo	
3	18.27	1711397	4689477	Go	DiogoGiassi	
3	18.26	4322671	4692317	C#	xMizar	
3	18.25	1543333	4694324	C++	ishibashijun	
3	18.25	4320959	4691363	C++	arimatti	
3	18.25	4315171	4689550	Java	Soucis	
3	18.24	3295433	4693954	C#	Tnt.Banane	
3	18.24	3820935	4690283	C++	monnu	
3	18.21	1853999	4693819	Rust	Rounddice	
3	18.21	5052454	4692789	Java	chris.steele	
3	18.21	4284385	4690440	Java	SSAM	
3	18.18	4718620	4693451	Pascal	Hieronymus	
3	18.15	3361752	4692684	Python3	MTLKS	
3	18.14	792813	4692616	Python3	VilBoub	
3	18.09	2688693	4693178	TypeScript	Catagami	
3	18.09	4293338	4689966	C++	Roztropny	
3	18.09	5233180	4689831	C	jchamak	
3	18.08	4846019	4693251	C#	DjTrilogic	
3	18.07	2967836	4691037	Python3	LironBerger	
3	18.06	4840981	4692612	C	Enael23-jpauline	
3	18.03	5258330	4707577	C++	kefir_bread	
3	18	4620457	4696889	C++	CASPER_000	
3	18	3486079	4692351	TypeScript	DerSlack	
3	17.98	4160316	4689474	C#	oakio	
3	17.98	3368067	4690231	Java	jgall	
3	17.93	4844075	4689562	Javascript	Sandrica	
3	17.91	4879363	4712312	Java	RonanLepage	
3	17.9	5220103	4692003	C++	Haze0318	
3	17.89	4591900	4693490	C++	4yuub	
3	17.86	1412263	4690266	PHP	PatrickMcGinnisII	
3	17.84	4556661	4689661	C++	NguyenAnhTuan	
3	17.84	5099604	4692024	Java	TrisssG	
3	17.83	4876917	4693184	C++	JeeWhy	
3	17.82	614215	4693824	TypeScript	Jo	
3	17.82	5235634	4691118	TypeScript	na.tu	
3	17.82	1053513	4707466	C#	coding_tourist	
3	17.81	2672932	4691661	C++	Lanfeust	
3	17.81	3028223	4691714	C#	JAB	
3	17.8	2550142	4692672	Java	Robicop	
3	17.79	4075712	4691102	Python3	bsapozhnikov	
3	17.79	5256667	4693636	Python3	d2bug	
3	17.79	5243120	4692550	TypeScript	Won.Yi.Pyeong	
3	17.78	3805032	4689432	Python3	davidshhh	
3	17.78	3812659	4692590	C	RiggedBot	
3	17.77	1807733	4691327	Python3	NoZ-	
3	17.76	1979290	4693355	C#	salmon	
3	17.76	4384631	4689620	Java	MatiasMG	
3	17.76	4053158	4692407	C#	eLVampa	
3	17.75	5268753	4690692	C#	Interruptor	
3	17.74	4520511	4690237	C++	Trine4	
3	17.74	5265027	4690296	Java	BenoitM	
3	17.73	4062369	4693406	C++	Vyn_	
3	17.7	3406987	4689865	Python3	Radu_Sav	
3	17.67	4463354	4690494	C++	Staticbounce	
3	17.67	2923506	4691652	C++	darkhorse64	
3	17.64	4322717	4691475	C++	m_m	
3	17.62	3966706	4689960	Python3	Thibauld	
3	17.62	2195578	4690869	Javascript	Absiorem	
3	17.62	2523117	4692446	C#	AlexN2102	
3	17.61	4056982	4690209	Java	kreska	
3	17.61	3784249	4692152	Kotlin	matsumo	
3	17.6	233834	4692147	C++	Herumor	
3	17.59	3356703	4693403	C++	MickaelB	
3	17.58	3390720	4692367	TypeScript	shogu	
3	17.57	3372068	4691678	Kotlin	vickingur	
3	17.56	4854267	4693000	C	jjane-ta	
3	17.56	828239	4694157	C#	[SG]Sebastien	
3	17.54	1803865	4692929	Python3	olinox14	
3	17.53	3411072	4691630	Python3	summer000	
3	17.48	4128470	4689857	C++	pwu	
3	17.48	4824524	4689406	C++	tzaph	
3	17.46	5202878	4693370	TypeScript	vincent.driat	
3	17.46	607179	4693925	Rust	emkjp	
3	17.45	3335896	4692265	C++	_martynas	
3	17.45	4584723	4703462	C++	babaaurhum	
3	17.45	4397047	4691149	Python3	KactuS	
3	17.44	2361902	4693713	TypeScript	achach	
3	17.41	1352572	4692825	C#	niku-live	
3	17.4	3821174	4691402	Python3	yuusanlondon	
3	17.37	4161027	4698882	Python3	CharlesSImplonHDF	
3	17.35	5127270	4693154	Python3	DonPablito	
3	17.35	4222663	4692425	Java	Fisher2911	
3	17.34	2651397	4691875	Python3	CodinLame	
3	17.33	2468853	4709688	Python3	ppajuel	
3	17.33	2674460	4697055	Python3	Malte42	
3	17.32	2748905	4690198	C#	ApmeM	
3	17.32	5240116	4690422	C#	Shiiigear	
3	17.31	4522607	4691219	TypeScript	MaxPowerRage	
3	17.3	2681776	4692725	TypeScript	Klepus	
3	17.29	4057287	4690469	C++	peroon	
3	17.26	4861777	4690900	C#	Mahoneko	
3	17.25	5143537	4690600	Java	skamic86	
3	17.24	2040871	4691106	Python3	KimiNako	
3	17.24	4815636	4693191	Python3	Avior	
3	17.23	155363	4693704	Java	zarhane	
3	17.23	2242201	4691711	C++	Maryan	
3	17.23	3659194	4692049	Java	FreZzz	
3	17.23	4120837	4690468	C++	philipplenk	
3	17.22	1093968	4693847	C++	milosMATRIXrepic	
3	17.2	2463909	4690775	Kotlin	ckobayashi	
3	17.2	4603987	4692486	Python3	Julzibot	
3	17.19	1467910	4692843	Python3	iian	
3	17.18	4860952	4693606	Java	KevinJ	
3	17.17	4063515	4693318	Python3	Mindme	
3	17.17	5242242	4691016	C#	Dreaken	
3	17.12	3507705	4692384	Python3	Baaldr	
3	17.12	5148348	4693573	C++	lmurtin	
3	17.11	4774133	4693119	Javascript	Kunal02	
3	17.1	5226596	4692551	C#	aucaland	
3	17.1	354788	4692828	Swift	Lexer31	
3	17.06	841085	4693037	C#	Risen	
3	17.03	3055199	4697044	Python3	riedberg	
3	17.01	5232462	4706314	Javascript	UnuSec	
3	16.99	1115939	4696345	C++	Stounate	
3	16.95	4494239	4693741	C++	NCJ21	
3	16.91	5008254	4693013	C#	Hiller1233	
3	16.91	513456	4691753	Python3	nwin	
3	16.9	4615176	4690810	C++	guperman	
3	16.89	4427186	4693654	C	7AM	
3	16.89	4990619	4692415	Python3	WS1111	
3	16.89	4859760	4692898	Javascript	G44R4	
3	16.88	5255694	4691287	Lua	Rokito	
3	16.87	1714684	4693558	Python3	iOne	
3	16.86	973040	4702124	Rust	papyjo	
3	16.82	4126274	4692505	Rust	sbstnfrr	
3	16.82	3589736	4697058	C++	Destination	
3	16.8	3903591	4693204	C++	Matubu	
3	16.8	4495998	4697916	C#	Japio	
3	16.79	1395868	4693360	Go	Vanargandr	
3	16.78	2715508	4693869	Go	Anth	
3	16.77	1966319	4690619	C++	0x6E0FF	
3	16.72	5245663	4691594	C#	Nixxa	
3	16.72	4350735	4692780	C++	mn_7545	
3	16.72	3818868	4692427	C++	mooaki	
3	16.71	3758410	4692495	Rust	Jeroen.	
3	16.7	3646622	4693920	Python3	c4rd0n	
3	16.7	1069779	4691472	Java	salanger	
3	16.68	1673512	4691879	C++	Ryoken	
3	16.67	4610030	4711229	Java	Daxlo	
3	16.66	5164228	4690681	Java	BBaBangCharles	
3	16.66	3623423	4691759	C++	drew-m	
3	16.65	4837454	4692549	Lua	rcrl	
3	16.63	5225554	4691001	Python3	74ch222	
3	16.62	207714	4691307	Java	TrueLaurel	
3	16.61	5206400	4692192	Python3	Ciross	
3	16.59	1247954	4691253	Rust	n0ls	
3	16.55	2853183	4691107	C#	IlyaPol	
3	16.55	2643294	4690059	PHP	L_hermythe	
3	16.54	5020468	4692770	Python3	Satya005	
3	16.54	3597780	4692401	Go	EParisot	
3	16.54	2891377	4691111	Javascript	uuuJ	
3	16.49	5242446	4691344	Rust	sash0	
3	16.45	5242046	4690687	PHP	SamGame	
3	16.38	5143928	4691542	C++	Sarievo	
3	16.37	4581586	4690495	TypeScript	Dr.AfonsoParkinson	
3	16.37	1760298	4690179	C++	Toby_Rat	
3	16.33	5245253	4702068	Python3	Devalher	
3	16.32	3004542	4690357	Java	GaborHutya	
3	16.25	2217652	4689973	C++	candid82	
3	16.24	4948308	4690131	C++	muffin_95	
3	16.23	3770912	4690528	C#	fgwiebfaoish	
3	16.22	5086446	4692667	Python3	-taskforce141-	
3	16.2	902324	4689486	C++	Tinsane	
3	16.19	3795025	4689699	Java	cosmiccollider	
3	16.15	1477355	4690441	C++	Ysoft	
3	16.14	4272061	4689593	Python3	HerbertDeVaucanson	
3	16.13	4618693	4692845	PHP	cedricdd	
3	16.11	3583985	4693449	Java	Nefael	
3	16.1	3354569	4690133	Rust	tblancbeyne	
3	16.08	4917607	4692426	Javascript	Filip_Razek	
3	16.05	1106056	4689862	C++	Bzn0r-Karloid	
3	15.98	5215213	4690596	C#	JadorLeCode	
3	15.97	2258829	4693084	C#	Hiker	
3	15.96	4408865	4691228	Python3	park.show	
3	15.96	4396783	4690783	Java	Nialk	
3	15.94	3881345	4691850	C++	PavelFromPerm	
3	15.9	5215603	4691005	Javascript	harepal	
3	15.88	3721214	4691046	C++	jrke	
3	15.88	1873245	4692132	Java	AntoineR	
3	15.87	3762390	4690661	Python3	pack	
3	15.86	3417713	4691724	C++	Ulring	
3	15.84	4292046	4708488	C++	DannyBoy1024	
3	15.81	1295850	4691851	Java	EvbCFfp1XB	
3	15.81	331880	4692872	Kotlin	Monstruo	
3	15.81	2937647	4692795	Python3	tinmarbusir	
3	15.8	5160168	4692986	Java	sebkro	
3	15.8	3787419	4690809	C++	Thyl	
3	15.8	2965353	4691161	Java	AhmAL	
3	15.79	4858905	4690518	Python3	AnkitBhardwaj	
3	15.79	1876150	4690907	TypeScript	Mastard	
3	15.79	5210460	4693205	C++	Giromi	
3	15.78	5210484	4692247	C++	junghan	
3	15.78	186179	4692376	C++	Nagrarok	
3	15.77	5143082	4690081	Java	zoz	
3	15.76	5235301	4689777	Rust	Lunace	
3	15.76	4019021	4693011	Dart	BuddyJ	
3	15.76	1337609	4692248	Javascript	FlyingRaccoon	
3	15.73	1098380	4691367	C++	Khardan	
3	15.72	5258667	4691015	Python3	Stef_4848	
3	15.72	3794725	4692670	Python3	Qoo	
3	15.71	5149472	4691018	Python3	Ssoming	
3	15.7	4135037	4690812	Python3	MachichM	
3	15.67	4321101	4691693	C++	BlackHole_Is_Coming	
3	15.67	4028762	4692704	Go	mebusy	
3	15.65	3327027	4689861	Python3	Ton7on	
3	15.65	1858191	4692614	TypeScript	Firlfire	
3	15.63	4314941	4690293	Java	TripleKs	
3	15.63	2049702	4691317	Rust	CubeLuba	
3	15.63	5210308	4690122	Python3	purpleStar	
3	15.61	5174694	4689566	C++	EgorSM	
3	15.61	4804411	4691952	Javascript	clemwo	
3	15.61	1380030	4698840	C#	norca	
3	15.61	3912162	4689985	Python3	PGE_GIE_EEA_CM02	
3	15.61	3681018	4692729	Javascript	ghalis	
3	15.6	5235920	4691929	Rust	kumakuma	
3	15.59	4495423	4694482	Java	H_ello___World	
3	15.59	2506629	4689551	Python3	Khurzs	
3	15.58	4680213	4693843	TypeScript	DoudouTouDou	
3	15.55	329200	4693493	PHP	BlitzProg	
3	15.54	1348832	4691168	C#	AzatJalilov	
3	15.54	5140516	4692536	C++	shiloub	
3	15.54	4794925	4690510	C++	shu8Cream	
3	15.54	4078174	4693878	Python3	yarushka	
3	15.54	4052710	4693726	Python3	completementgaga	
3	15.53	1290727	4692920	Rust	Korguy	
3	15.52	5270840	4696887	Javascript	PonyLumen	
3	15.52	1129987	4689928	Python3	morph	
3	15.52	1328296	4689598	Rust	Kellthazar	
3	15.52	1152991	4692792	C#	xoposhiy	
3	15.48	533238	4693548	C#	Cdpse	
3	15.48	860404	4690388	C++	Vitruvius	
3	15.47	5186656	4690401	Java	coding_artist	
3	15.47	1495122	4689679	Python3	Kaaeder	
3	15.46	2521394	4693268	Kotlin	FrankR	
3	15.46	2092623	4700593	C++	YoshiNoob	
3	15.45	1718442	4693653	Kotlin	Algonaute	
3	15.44	5143538	4691766	Python3	IKnoom	
3	15.44	373214	4691398	Java	Razgriz	
3	15.44	3424888	4692369	C++	Hamibar	
3	15.44	2436448	4689718	C++	FrancoisMeme	
3	15.43	3354558	4690347	Python3	mw197	
3	15.43	2663223	4690222	Clojure	NikiTonsky	
3	15.43	4808255	4695526	C	EXPO_EX	
3	15.43	1489865	4693793	C++	EricSMSO	
3	15.42	5223844	4689747	Python3	Charlou	
3	15.42	4760615	4691559	Java	p.ostovskiy	
3	15.42	1514391	4693697	Java	Fayden	
3	15.41	3894454	4690816	Python3	rfwheel	
3	15.41	5259071	4691409	C#	Vorheart	
3	15.39	1785850	4692611	Python3	Gregfer	
3	15.38	4829219	4691010	C++	OB2	
3	15.38	2714117	4692358	Rust	TiLuky	
3	15.38	3396764	4690120	Java	PiotrK	
3	15.36	3841393	4691440	Kotlin	QProgS	
3	15.36	4392190	4690488	Java	SangHeonLee	
3	15.36	2398475	4690845	C#	bhaeussermann	
3	15.35	5108817	4694802	C++	iRoLL	
3	15.34	1272951	4693593	C++	don_bovar	
3	15.34	648751	4693887	Haskell	dabino	
3	15.32	5072331	4692395	C++	TiPoix	
3	15.32	833077	4692525	Java	tsukammo	
3	15.31	4326098	4690321	C++	thingularity	
3	15.31	1676711	4692289	Java	Eeeval	
3	15.31	2434732	4691420	C#	shirokov.alex	
3	15.29	4392777	4691047	C++	co-ma	
3	15.29	4665718	4692160	Python3	axel_lopez	
3	15.29	4055023	4690915	Rust	yamake	
3	15.29	3795745	4692887	Rust	Soboku	
3	15.28	2025987	4692232	C++	Cham	
3	15.28	1694829	4692166	Python3	Tanvir	
3	15.27	3446140	4690647	PHP	Upcy	
3	15.24	4918643	4691354	C#	Elladeiah	
3	15.24	5226992	4692220	Rust	IdioticRemi	
3	15.22	2881783	4692210	C++	eki	
3	15.21	2025868	4690574	C++	sumoru	
3	15.21	2796534	4689737	Javascript	Vadrek	
3	15.2	2399135	4693543	C#	Titi81	
3	15.19	2718963	4692884	PHP	Fregat	
3	15.19	5232196	4693570	Python3	ThermIt	
3	15.18	1989412	4690700	C#	Skewnart	
3	15.15	3657204	4689904	TypeScript	mdaraujo	
3	15.12	2047406	4693132	Python3	Figge142	
3	15.11	4589241	4689454	Python3	Setra022	
3	15.1	4532588	4690887	Python3	CheatCodeWorks	
3	15.1	1712800	4691036	Go	melnikk	
3	15.09	3783481	4692196	C#	Yatech	
3	15.08	5231436	4692453	C++	IoTruth	
3	15.07	1329003	4705305	Kotlin	Kromdak	
3	15.06	2473398	4693065	C++	omarox	
3	15.01	4075529	4693884	Python3	twoeyes	
3	15.01	4417907	4693752	Javascript	kjmfr	
3	15.01	4723120	4692901	C#	Cpalusze	
3	14.98	1172385	4690112	C#	LuckyMe	
3	14.96	2837454	4691334	Java	Inc_	
3	14.96	4375316	4692922	Python3	Flash7	
3	14.94	2709791	4693681	Python3	YOMar	
3	14.93	3337117	4692980	C++	timbersson	
3	14.93	5149535	4690983	Java	Roset	
3	14.92	3393535	4693398	C++	LuckyJ.	
3	14.91	3965571	4692931	Python3	Smekarn	
3	14.9	1930944	4689869	Kotlin	Neige	
3	14.9	5186423	4690704	Java	_Huey_	
3	14.89	154388	4692724	Rust	PonyPonyCodeCode	
3	14.89	5142753	4689950	Java	yg82.kim	
3	14.88	3473364	4689957	Rust	Alexdelia	
3	14.87	917370	4693605	C++	Gwi	
3	14.86	1341520	4693770	Java	egaetan	
3	14.84	259057	4693968	Python3	GuillaumeLAURIE	
3	14.84	4054665	4689859	Rust	chocopuu	
3	14.84	4321367	4698779	Java	Paul28	
3	14.83	1443075	4690582	C++	Wolfy82	
3	14.83	3962693	4692171	C#	Kamoun	
3	14.81	3141948	4693180	Python3	philRG	
3	14.81	2802157	4691993	Python3	HKit	
3	14.78	4844841	4693120	Rust	elp_elp	
3	14.77	1077559	4689664	Java	PhOeNyX	
3	14.76	4868970	4692224	C	sethomas	
3	14.76	2842531	4692883	C++	Kurs	
3	14.76	4321183	4693582	TypeScript	Glagan	
3	14.75	1417805	4692293	Java	hiro116s	
3	14.7	4181896	4690650	Python3	AXL1214	
3	14.69	4869523	4689394	Python3	Tkachoff	
3	14.68	4841063	4691885	Rust	Naxus	
3	14.67	4603654	4691175	Lua	ncuxSP	
3	14.65	4122678	4693871	Rust	DrFlowerkick	
3	14.64	2377428	4692995	Python3	Neinaps	
3	14.64	4668562	4691117	Python3	theaddyct	
3	14.59	1330431	4692306	C++	TzeKin	
3	14.52	5107859	4691083	Java	dt.thang1	
3	14.5	4083906	4692468	Python3	tonigineer	
3	14.48	655381	4690864	TypeScript	Decalight	
3	14.44	4398611	4691078	Java	herricain	
3	14.44	1452085	4691477	Java	sadakatsu	
3	14.43	1606614	4700043	Rust	Wazaa	
3	14.42	4867048	4689912	C++	fscorcel	
3	14.41	4725781	4690541	C#	Stuffist	
3	14.41	4716095	4689488	Python3	MichMich31	
3	14.39	1050490	4692631	C++	Snark_Chaser	
3	14.39	3501209	4689578	Python3	Whatar	
3	14.37	2434893	4690232	Python3	cdurbin	
3	14.36	1180953	4690828	Javascript	Dammmien	
3	14.31	3511493	4691382	Kotlin	ded_mazay	
3	14.31	4061770	4693376	C#	Banquich	
3	14.31	2709409	4689837	Python3	YesYes	
3	14.3	4123772	4691066	Java	Alexer	
3	14.27	5193482	4692123	Python3	ex4	
3	14.27	5218508	4708136	Java	fbourgue	
3	14.26	5177010	4692506	TypeScript	Ben948	
3	14.26	3194399	4692935	C++	ebremond	
3	14.25	2343982	4689476	Python3	S0L0	
3	14.17	1838612	4693241	Rust	statiolake	
3	14.16	5253043	4691969	Java	mynameishi	
3	14.1	903179	4691388	Go	maksmas	
3	14.1	5246661	4690097	Javascript	nreyes-p	
3	14.09	1353795	4690011	Javascript	TheCrucial	
3	14.09	4068307	4690527	Rust	Lord_Beubeuh	
3	14.08	4437155	4690069	Javascript	AxelF66	
3	14.08	914013	4691200	Python3	HexTree	
3	14.07	3586725	4693861	PHP	obrozer	
3	14.07	4870442	4690793	Rust	Bloody_Mallory	
3	14.05	3838416	4692391	Javascript	HxX-_-	
3	14.05	4366278	4692932	C++	TahaPaji	
3	14.05	5233017	4690076	Python3	nt.nam	
3	14.04	2104313	4690319	C++	TomPouce	
3	14.03	5247418	4691595	C++	anont6	
3	14.03	4287206	4692603	Java	NicolasDesn	
3	14.03	2528301	4693047	C++	akTARDIGRADE13	
3	14.03	1830625	4692496	C#	-Rutger-	
3	14.02	1715811	4690748	Java	PositiveQuark	
3	14.02	196808	4691604	Java	bonam	
3	14.01	1309948	4690427	C++	Runner87	
3	14.01	3729215	4690903	C++	Amtek	
3	14.01	1747148	4689930	C++	zinya	
3	14.01	1724455	4692377	Rust	mdos-san	
3	14	4323412	4691552	Java	LeProblemeEDMN	
3	14	3021408	4692965	Python3	Aeonx	
3	13.99	4346379	4693587	Java	BriceCAZAUX	
3	13.98	165690	4691853	Scala	DrGrognon	
3	13.98	1993004	4690631	C#	olivR	
3	13.97	4062794	4690602	TypeScript	Passi10	
3	13.95	2944122	4707647	C++	JackieChun	
3	13.95	4806550	4693319	Perl	Rafarafa	
3	13.94	3907787	4693556	Javascript	cfoucher31	
3	13.94	1222619	4691894	Java	Cojy	
3	13.93	2065521	4689673	Java	igolus	
3	13.89	4126121	4691025	PHP	valival-nikolay	
3	13.87	3589763	4690835	C++	rndll32	
3	13.87	5274996	4692046	Rust	NiOuiNiNon	
3	13.86	1035630	4693781	Rust	Vestiaz	
3	13.86	4099691	4692479	OCaml	Butanium	
3	13.85	3145247	4692066	C++	Benllshua	
3	13.85	2014306	4692497	C++	Chadako	
3	13.8	1721361	4692666	Ruby	kakuzei	
3	13.77	939530	4693868	Java	Jahz	
3	13.74	3880207	4690893	C++	Occuria	
3	13.74	4446352	4689701	PHP	Kastou	
3	13.73	4520956	4693502	Java	WeThoughtThereWereFreeFood	
3	13.73	4626700	4692436	PHP	JohnyDarecek	
3	13.72	5207414	4691014	Rust	Almaju	
3	13.72	1668478	4693447	Go	Zatte	
3	13.72	4826689	4690176	Rust	flookkrup	
3	13.71	3752051	4693465	Go	delabere	
3	13.7	5246992	4691707	C++	ArnaKuzy	
3	13.7	5019262	4692213	Python3	Noppe	
3	13.69	447490	4690281	Rust	Vivacarvajalito	
3	13.67	4327920	4691840	Python3	yana87	
3	13.66	868137	4691980	Java	Yuki_B	
3	13.66	3814766	4692791	Java	0blomovian	
3	13.65	4037117	4693627	C#	bodbod	
3	13.65	4646554	4690768	Python3	MihaiA	
3	13.63	4645285	4689376	Python3	baler0nick	
3	13.63	679101	4692563	Ruby	Dazzle	
3	13.62	3439879	4691990	Rust	fhierony	
3	13.62	3166528	4693215	Python3	Darth_Alex	
3	13.59	4400062	4690572	Java	joshjoshjosh	
3	13.59	154248	4691172	C#	Cornil	
3	13.58	517890	4691395	C++	Altaire	
3	13.58	1140030	4693711	Scala	AdryBender	
3	13.58	4060722	4691357	C++	StevenV	
3	13.58	3244897	4693314	Java	Romii	
3	13.58	3413813	4691897	Javascript	Hvosten	
3	13.55	4309500	4689830	PHP	IbouDKR	
3	13.55	1071140	4692136	C#	BeberLeNewbie	
3	13.54	4348347	4692818	Javascript	Rachid_oudouch	
3	13.52	1465626	4689751	C#	Joey_G	
3	13.52	3495020	4707447	C++	pmontiel	
3	13.48	4063588	4693680	Python3	Entropical	
3	13.48	3788849	4693615	C++	adri1mart1	
3	13.48	3503664	4694027	Python3	egos	
3	13.47	3749245	4693483	C++	yveslacroix83400	
3	13.47	807765	4693801	Kotlin	Camboui	
3	13.46	2530741	4690902	Java	jordanP	
3	13.46	5149511	4690075	Java	Srue	
3	13.46	2830367	4692487	Rust	daiver19	
3	13.45	5149612	4692868	Python3	blackbory	
3	13.44	982141	4696611	Java	mawguai	
3	13.43	4605349	4712547	Python3	fofisen	
3	13.43	481684	4693883	C#	Vova_s	
3	13.33	3967848	4690802	Python3	ignuxas	
3	13.28	1076632	4692385	Rust	Chen	
3	13.27	4815968	4693943	C#	Fauve	
3	13.27	533018	4692489	TypeScript	Robinsstudio	
3	13.25	5232684	4689688	Python3	L_Parisis	
3	13.24	3200428	4693557	Python3	TH0L3V	
3	13.23	5006309	4690499	Python3	Wisenam	
3	13.22	4392379	4693226	Python3	rapidHand	
3	13.22	5240216	4693466	Python3	Atsuyo_	
3	13.22	1404934	4692332	Rust	tarriel	
3	13.21	4060123	4693689	Python3	Pbatch	
3	13.2	1006395	4691360	C++	Chompi	
3	13.19	4866039	4690008	Java	Tyranitar	
3	13.18	3516345	4693110	C#	Jp82	
3	13.18	4495990	4691831	C#	Okido	
3	13.17	1358197	4690636	C++	LiSnn97	
3	13.17	380805	4692373	TypeScript	Xtendz	
3	13.16	3467515	4692617	Java	Neuminix	
3	13.16	157377	4693690	Python3	McKelian	
3	13.15	1186250	4689546	C#	Gabbek	
3	13.15	1475413	4693929	Javascript	AlucardDH	
3	13.15	1647549	4706659	C++	ytkoduff	
3	13.14	1036003	4691405	TypeScript	Ryo	
3	13.14	4411468	4691233	Java	SoWhatMan	
3	13.13	5236861	4690989	C++	crescent1997	
3	13.13	2590081	4693364	C++	Eris_C	
3	13.13	900129	4689781	C++	Julien_E	
3	13.11	4421805	4689498	C++	Rubixbob	
3	13.11	4398454	4691666	Javascript	minne	
3	13.11	1569420	4693090	Python3	Tuo	
3	13.09	5131933	4692021	Java	novsonMartinez	
3	13.09	1285876	4690348	Java	Captain.Org	
3	13.09	873395	4690849	C#	Vitaliy_Kamalin	
3	13.08	3514452	4692321	Python3	Sotrosca	
3	13.07	5260042	4692870	Java	coding_artiest2	
3	13.03	4833428	4691655	Java	Bazinou	
3	12.99	4863856	4691500	C#	jaapers	
3	12.99	4065844	4690898	Python3	Tromso	
3	12.98	3517779	4698928	Javascript	flo5589	
3	12.98	4397455	4691038	Java	TripleK	
3	12.97	5143532	4691649	Java	jhms.kimlee	
3	12.95	4120276	4691808	Python3	ggevorg	
3	12.94	3795832	4692948	TypeScript	VietAnhTong	
3	12.94	5225478	4693794	Python3	10CH222	
3	12.94	951568	4690953	C++	Coleim	
3	12.94	5141993	4693722	C#	Space_nonox	
3	12.93	3503673	4691561	C++	unknown_anonymous	
3	12.91	4993857	4690359	Java	WouterSolutions	
3	12.89	2764277	4691009	C++	Sam3S	
3	12.89	4057279	4689392	Go	gobear	
3	12.89	2742653	4707441	Python3	0xPacman	
3	12.88	2478991	4693001	Kotlin	LabRatX	
3	12.88	4857972	4693222	C	Marza-ga	
3	12.87	1584802	4692586	C++	emh	
3	12.87	4451201	4690652	C++	dcdnce	
3	12.87	638784	4691103	C++	Yqnn	
3	12.86	4784765	4693438	Python3	idia	
3	12.85	2497472	4689743	C++	Hexabin	
3	12.84	4639401	4693906	Python3	Citrate_Bios	
3	12.84	1754020	4692899	Java	fiveSolas	
3	12.84	2346031	4693294	C#	Fr1z2r	
3	12.83	4531129	4690676	C++	jajalecapouet	
3	12.83	3584022	4693399	Java	pseudo12	
3	12.82	4194443	4692644	Python3	aexg	
3	12.81	1394491	4690465	C++	RGAM	
3	12.79	3193424	4691060	Javascript	FranAvila	
3	12.79	1096274	4690629	C#	DrBrask	
3	12.79	3489223	4691211	Javascript	KarloHubai	
3	12.79	3106042	4690068	C++	Cassouliflette	
3	12.78	4059043	4693424	Python3	DziTiEn	
3	12.77	1890261	4689694	Java	volrk	
3	12.76	4716516	4693416	Python3	Devin_plombier	
3	12.76	4592704	4696881	TypeScript	Archymene	
3	12.75	5121393	4690632	C#	Pevel	
3	12.74	1144135	4693721	Go	Kh4z	
3	12.71	4616446	4689523	C++	Navoos	
3	12.68	1653752	4712523	Python3	Dede1	
3	12.68	3489135	4689838	Python3	Mirlamber	
3	12.56	4340514	4691192	Python3	MalekAttia	
3	12.53	4851350	4690211	C++	GuB	
3	12.52	2573620	4691069	C#	zZzabek	
3	12.4	2253267	4690825	C#	snowfrogdev	
3	12.36	1353933	4690733	C++	MistaDA	
3	12.36	3049838	4690614	C++	pmor	
3	12.34	5216540	4693495	Python3	Kustonnn	
3	12.33	4863882	4690925	Python3	BambooBear	
3	12.31	4336821	4692186	C++	zaurus-yusya	
3	12.31	3555728	4693584	Python3	KVNMDS	
3	12.3	4678802	4691371	Python3	CalebC	
3	12.26	5095131	4691119	Java	QuynhChi	
3	12.25	1445969	4693116	Python3	JoPich	
3	12.2	3994892	4689599	Python3	Magurd	
3	12.19	1714054	4690836	Python3	Marau	
3	12.17	5232185	4691462	Python3	youngd.seo	
3	12.16	4296102	4689422	C#	Chabala	
3	12.14	2486390	4692189	Rust	malcoriel	
3	12.13	4334077	4693367	C++	Paul_Demanze	
3	12.11	4859792	4691453	C#	Telika	
3	12.11	1406638	4691400	Java	TwoSteps	
3	12.1	5261172	4689968	Go	rcuminal	
3	12.1	2373019	4691665	C++	witty3	
3	12.1	4231728	4693694	C#	TojoNatolotra	
3	12.07	4573533	4696894	Python3	NicolasQUERE	
3	12.06	3226448	4712583	Python3	tobk	
3	12.05	2450542	4692320	C++	MARClUS	
3	12.04	4819341	4692256	C#	MrKrabsIsHere	
3	12.04	1853956	4691075	PHP	yoannk	
3	11.95	5164429	4690137	Java	Miracom1	
3	11.93	1324974	4697199	Python3	ViktorCs	
3	11.92	4518898	4691057	Javascript	uss4ma.0	
3	11.88	4409468	4690077	Java	gooyeo	
3	11.87	3999695	4693361	Javascript	ShaxoLudo	
3	11.87	2823728	4691376	C#	manmanman	
3	11.86	5208781	4693699	C++	cbujdei	
3	11.84	4276140	4689487	C#	WeZ	
3	11.84	3480498	4689739	Java	BenPix	
3	11.8	3922731	4690216	Dart	Dartisan	
3	11.78	1333727	4691284	Rust	mai	
3	11.77	4075567	4689811	C++	magist3r	
3	11.76	5246215	4691989	Go	codesterio	
3	11.76	2451652	4690202	Java	code_of_the_dead	
3	11.75	4403610	4690587	C++	anakinCSA	
3	11.73	4842692	4690677	Rust	Bphilago	
3	11.71	3513265	4705379	C++	DaNinja	
3	11.7	435576	4712582	C++	unsatcore	
3	11.7	1897256	4690239	C++	WHR_Sarah	
3	11.69	4980731	4692078	C#	mhoullier	
3	11.66	2050601	4691538	Python3	MaxTechniche	
3	11.61	3363780	4694636	C++	mounadi05	
3	11.6	689801	4690433	TypeScript	bauwaerter	
3	11.59	1772240	4690503	Rust	Wazabis	
3	11.55	3461379	4691637	C#	StraightOne	
3	11.54	4614333	4692402	Javascript	Lakera	
3	11.51	5195515	4693333	C++	EpicCaribou	
3	11.46	1314186	4691197	Kotlin	qnox	
3	11.43	4127428	4694691	Go	Keno185	
3	11.35	4061036	4691940	C#	SelectNull	
3	11.35	4401525	4690114	Java	BBQQQ	
3	11.34	232528	4692275	C++	cegprakash	
3	11.33	3441967	4689816	Java	KenOhSoldier	
3	11.33	254838	4692939	TypeScript	LariqueJacques	
3	11.31	5210731	4691533	C++	jaehyuki	
3	11.3	4130764	4692814	C#	yuliya	
3	11.27	1757792	4696698	Java	oreshnik	
