League	Score	UserID	AgentID	Lang	Pseudo	#multi,count=172679,time=2023-01-27 00:51:33
6	61.33	1400179	3124799	Python3	reCurse	
6	60.35	832306	2251077	C++	pb4	
6	56.92	1415495	2255817	C	fenrir	
6	55.39	735910	3413187	Python3	Agade	
6	48.39	3457031	4314820	C++	YurkovAS	
6	44.53	2710668	3329115	C++	IGGY	
6	43.61	2522090	4324984	C++	MSmits	
6	42.43	1336464	4339613	C++	magaiti	
6	41.95	5190229	4531532	C++	HYPERYump	
6	41.63	351062	3501277	C++	Neumann	
6	41.57	1169499	2267000	C++	naab	
6	41.46	2725066	2438973	C#	Cize	
6	41.41	1206537	3079256	C++	MadKnight	
6	41.33	2718975	3089592	C	mykeich	
6	41.32	4399833	4275250	C++	Peterpanda	
6	41.3	1607522	2358031	C++	RoboStac	
6	41.21	1712648	2036811	C++	luckyy	
6	41.21	735487	3111604	C++	amurushkin	
6	41.19	1687636	1777945	C++	GinkgoB	
6	40.86	1629259	2238586	C++	Marchete	
6	40.86	1480501	2358293	C++	DaFish	
6	40.81	1082988	3529734	C++	Saelyos	
6	40.79	736075	1845526	C++	Xyze	
6	40.71	826372	4447895	Java	skyyker	
6	40.68	1606588	2148302	C++	inoryy	
6	39.9	1775950	4375645	Python3	PlikPlok	
6	39.68	1106450	1489738	C++	RiSuS	
6	39.41	862919	3989204	C++	Astrobytes	
6	39.37	588426	3522836	C++	Jeff06	
6	39.36	2299716	1605959	C++	striker_-	
6	39.26	155091	2706875	Java	smeagol	
6	39.21	2320186	1779207	C++	aPoStAl	
6	39.15	2474201	1837459	C#	melanholy	
6	39.12	2972662	2246374	C++	Hoyer	
6	39.1	1661397	2189146	C++	MightyKnight	
6	39.07	5095133	4483186	C++	bt.nguyen	
6	39.04	1298794	4271950	C++	Husenap	
6	39.03	3278216	2430736	C++	MagicMage	
6	39.03	2950035	4415760	C++	drunkennoone	
6	39.01	2968035	4320213	Python3	DomiKo	
6	39.01	371603	1775718	C++	martin	
6	39	5103983	4482191	C++	lv.hoang1	
6	39	3721214	4294272	C++	jrke	
6	38.99	2868729	2095031	C++	Sneffos	
6	38.96	2906497	2245453	C++	daaskare	
6	38.96	1756952	1940940	C++	Petras	
6	38.96	1288527	2054946	C++	Snef	
6	38.96	1378958	1775314	C#	Illedan	
6	38.95	5114798	4486437	Haskell	np.binh	
6	38.94	1100752	1440668	C++	ValNykol	
6	38.94	4373099	4488936	C++	Andy_Dangerous	
6	38.93	5095028	4484144	C++	vtt.lam	
6	38.92	3748819	3720863	Python3	Flaj	
6	38.92	2167128	1454119	C++	ironyy	
6	38.92	3076371	2582858	C++	Krakota	
6	38.91	2281780	1581131	C++	NapTown	
6	38.9	1754295	1780081	Java	SF	
6	38.9	1064903	1776758	C++	Ghirtor	
6	38.9	1131528	1787877	C#	Owl	
6	38.9	2007852	3111312	Go	Zorg1	
6	38.89	2243900	2572812	C++	hardbottle	
6	38.88	1384397	3837421	C#	BigZ	
6	38.88	1479930	2428751	C++	LeRenard	
6	38.88	2976356	3745326	Python3	magmasa	
6	38.82	1512667	2586713	C++	DrevanTonder	
6	38.82	1489865	1775221	C++	EricSMSO	
6	38.82	3196495	2641095	C++	putibuzu	
6	38.81	867249	1845467	C++	nikoliarekted	
6	38.81	1438020	2211732	C++	InsomniaRide	
6	38.75	1437820	4713550	C	Deadbool	
6	38.72	1114834	2433361	C++	k4ng0u	
6	38.7	4354663	3735702	Rust	MedicatedMandelbrot	
6	38.7	1404934	2647410	C++	tarriel	
6	38.68	4070745	3711651	C++	HoriMiyamura	
6	38.67	381914	2596249	C++	MaWasHiii	
6	38.67	770792	3832846	C++	T.H.	
6	38.65	1971865	2672254	C++	Nanosplitter	
6	38.62	1584802	2134232	C++	emh	
6	38.6	805067	1775170	C++	Magus	
6	38.6	2475737	1886253	C++	alexk	
6	38.53	2396169	2059601	C++	Emaginidoc	
6	38.53	1418821	1461623	C	input.txt	
6	38.51	1455753	2063438	C++	Lysk	
6	38.47	1194069	3100538	C++	Redstrike	
6	38.35	1073247	2476252	C++	_NikJ	
6	38.35	3503806	3448639	C++	Zolcsika	
6	38.26	857521	1779589	C#	MrAnderson	
6	38.25	820000	1935773	C++	ValGrowth	
6	38.24	1607791	1470664	C++	ildar_1988	
6	38.24	1109979	4511327	C++	Gloopy	
6	38.22	311035	3502582	C++	leojean890	
6	38.21	3165536	2323602	C#	barbora	
6	38.19	1420731	3533036	C++	CagouilleRapide	
6	38.18	1347650	2042708	C++	T-Dup	
6	38.18	2651240	2063962	C++	[MPST]Donset	
6	38.17	1978183	2507931	C++	DaniilSizov	
6	38.16	4068955	3354158	C++	LNRV	
6	38.15	1889170	1392239	C++	mvujas	
6	38.13	5116649	4483387	Haskell	nd.anh3	
6	38.13	5111479	4483875	C++	hoangdt9	
6	38.13	2219293	2489786	C++	DeWitt	
6	38.12	4081634	3974622	C++	Wontonimo	
6	38.1	1833348	3062986	C#	Jonathan.R	
6	38.09	2923506	3780799	C++	darkhorse64	
6	38.08	1735951	3690150	C++	punter147	
6	38.08	3669985	2683349	C++	Gafagarion	
6	38.05	5111375	4483744	C++	hs.tung	
6	38.03	2416641	2128792	C++	Zenoscave	
6	37.98	1097889	1877900	C++	HoangH7	
6	37.95	869239	1935830	C++	Vingte	
6	37.95	1549145	2054165	C++	Mealc	
6	37.94	1950105	2448341	C++	nazgath	
6	37.93	2823728	4249517	C++	manmanman	
6	37.91	3971358	3400041	C++	OldJohn	
6	37.85	5107677	4483767	Haskell	lingcoding	
6	37.85	2007262	4407704	C++	Larnth	
6	37.81	1885730	2405680	Java	MintL	
6	37.78	2242201	2586010	C++	Maryan	
6	37.77	2328161	1649204	C++	Joethebus	
6	37.77	2048422	3116681	C++	Zevrim	
6	37.75	1114698	1940930	C++	xiaohouzi	
6	37.72	2363657	2064193	C++	Ztrk	
6	37.69	1514154	1510415	C++	TwinkiePie	
6	37.69	2187656	3001789	Go	RanXerox	
6	37.67	3362851	2483723	C++	DarcSinus	
6	37.65	2470677	1932804	C++	Goujon	
6	37.63	1203167	2140550	C++	r3versi	
6	37.63	3188802	3079917	C++	widestr	
6	37.61	1555142	3900515	C#	Thunderkill	
6	37.58	1714338	1615888	C++	cobase2010	
6	37.57	2109780	3391569	C++	ChaudCoLaTeen	
6	37.56	972894	3939072	C++	resty-daze	
6	37.55	1887591	2390351	Java	rodstrom	
6	37.55	4162603	3689360	C++	Eluminati	
6	37.52	4060722	4555986	C++	StevenV	
6	37.23	1140756	2480512	C++	BarbsMan	
6	37.17	3719253	3528925	C++	daffie	
6	37.13	2491651	3002994	Haskell	Nedog	
6	37.12	2729630	2070849	C++	Halphas	
6	37.11	846553	2136884	C++	Aleks	
6	37.08	1944142	3426831	C++	yakalir	
6	37.08	1716299	2322160	C++	micky924	
6	37.03	238640	4496636	C#	daAas	
6	37.03	5116599	4484676	Haskell	ht.quynh1	
6	36.95	1095442	2264362	C++	Ch3oul	
6	36.84	2649448	2335871	C++	bhloodyy	
6	36.58	3460683	2479551	C++	Lianowar1	
6	36.56	4194801	3512849	C++	jdeveil	
6	36.54	668954	2489396	C++	Fluxor	
6	36.49	1169264	2582835	Java	moarrrr	
6	36.45	880353	1930208	C++	zasmu	
6	36	3131642	3050951	C++	SrikanthYadavNanaboina	
6	35.91	3534078	3458295	C++	chabes	
6	35.79	1481384	2324513	C++	Ethaniael	
6	35.61	4046568	3781587	Rust	jfaixo	
6	35.56	3363216	2438330	C++	SigmaT4	
6	35.54	5108294	4483051	C++	kim02	
6	35.51	1335230	2046457	Java	jft63	
6	35.31	3864752	3024807	C++	MuddySneakers	
6	35.3	331880	2190393	Scala	Monstruo	
6	35.3	1034635	3482567	C++	SlyB	
6	35.29	2386035	2089940	C++	Samsonov	
6	35.25	3513265	3080116	C++	DaNinja	
6	35.11	2477668	1900088	C#	Munakoiso	
6	35.1	1427078	2218506	Java	ToshiTuringMachine	
6	35.08	902324	1844002	C#	Tinsane	
6	34.98	4077794	3387283	C#	Cofporation	
6	34.97	512097	1818585	Haskell	Stilgart	
6	34.96	1152991	3499642	C#	xoposhiy	
6	34.93	1125295	1297031	C++	Corleon	
6	34.9	3793065	3490920	C++	Wovchena	
6	34.89	1410353	3739917	Rust	luminyan	
6	34.88	1944726	2587908	C++	bourgeof	
6	34.87	3362602	2410672	C++	nulte	
6	34.86	1515891	1778117	Java	ndc	
6	34.84	4707770	4079505	C++	huegi	
6	34.82	1554150	2114915	C#	failman	
6	34.79	1818159	2088969	C++	JRFerguson	
6	34.78	1314316	2356877	C++	jolindien	
6	34.75	5104314	4483050	C++	GoProWithLove	
6	34.75	1836058	2328554	C++	SeebOmega	
6	34.73	522447	3886681	C++	TiBx	
6	34.7	507342	2317189	C++	Laris	
6	34.65	1417361	1867125	C#	Griboedoff	
6	34.6	1183615	1857435	C#	Phil9l	
6	34.58	2474205	1877594	C#	zugzwang	
6	34.57	2473980	1857785	C#	corteso	
6	34.52	1675487	2214976	C	PED	
6	34.51	1767183	3096906	C#	MelnikovIgor	
6	34.49	3136787	4715532	C++	jacek	
6	34.48	2051334	1776054	C++	Dwarth	
6	34.47	3300235	2434500	Kotlin	fleiber	
6	34.42	4308802	3707268	Java	Ascodran	
6	34.35	1353795	2980778	C++	TheCrucial	
6	34.28	4804178	4483277	C++	pt.truong	
6	34.21	2473610	1904752	C#	Martyanovst	
6	34.18	1342745	2651808	C++	Catiminie	
6	34.18	1680050	1606110	C++	Mms92	
6	34.05	5114811	4484038	C++	bnt.hung	
6	34.04	490341	2629859	C++	NffS	
6	34.02	5094946	4579552	C++	TranLanHuong	
6	34.01	1395632	495263	Clojure	kurie	
6	33.99	2480831	1900590	C#	mopozko	
6	33.99	5104544	4483256	C++	Xuka1A	
6	33.97	5114924	4525222	C++	EmSinhVienLonNuocNgot	
6	33.88	3119894	2334336	C++	joleNeuNeu	
6	33.84	1241062	1844589	Java	jbs	
6	33.83	1243876	2852841	Python3	Hi-Low_World	
6	33.82	1201796	1776170	C++	P.Greze	
6	33.7	1331444	1836383	C++	leglore	
6	33.69	5111897	4483106	C++	vd.man	
6	33.66	1687064	1868976	C++	JBoulic	
6	33.58	2473585	1930284	C#	Leoltron	
6	33.55	5029945	4431209	C++	SuperDistracting	
6	33.54	1855354	1776310	C++	KiwiTae	
6	33.53	4466402	3793207	C++	srke	
6	33.52	1238934	1775148	C++	accorp	
6	33.48	2473662	1849693	C#	Ollisteka	
6	33.46	4841648	4135403	C++	Vares	
6	33.38	1477622	1776954	C#	zrdon	
6	33.35	4379856	3852413	C#	pavellevap	
6	33.35	3735337	2742687	C++	Sneffy	
6	33.33	3406454	2649625	Python3	Wolfierce	
6	33.31	1300254	1856905	C++	Escdemon	
6	33.27	1566335	2989166	Java	BeardedWhale	
6	33.25	1195031	3723574	C++	Nekto	
6	33.17	638784	2078607	C++	Yqnn	
6	33.16	4709385	4483249	C++	NAT.SDS	
6	33.15	1110041	3511433	C#	Partybwal	
6	33.14	1321710	2695700	C++	Swagboy	
6	33.13	3731053	2743496	C++	05	
6	33.12	2164040	1648250	C++	Doodler	
6	33.1	1655149	3122253	Ruby	NBpowa	
6	33.03	1759839	2053164	Python3	matleg	
6	33.03	3333754	2479021	C++	TchawLaPizze	
6	33.01	154388	4560317	Rust	PonyPonyCodeCode	
6	33.01	1649376	792382	Javascript	Kujar	
6	32.99	5174694	4638418	C++	EgorSM	
6	32.98	154984	1937315	C++	_Royale	
6	32.97	1540478	2676443	C++	struct	
6	32.92	2077064	2678415	Java	GamingKing	
6	32.92	5102552	4511999	C#	ol0	
6	32.84	715431	2114947	Java	G3r0	
6	32.84	2164056	1648244	C++	fsociety.bat	
6	32.81	992856	4442074	Rust	SaLLenTT	
6	32.8	1062962	1775256	C++	ArmandO.S.	
6	32.73	2424607	1647377	C++	RockHopper	
6	32.67	3857586	3029276	Python3	nGragas	
6	32.65	2130169	1642588	C++	CyberLemonade	
6	32.64	1652969	788687	C#	Berci79	
6	32.61	5116884	4486479	C++	dt.ha5	
6	32.6	1993081	3129653	C#	Lubisarna	
6	32.6	3226448	3775049	Rust	tobk	
6	32.59	3337117	3702792	Rust	timbersson	
6	32.58	2311105	2988683	C++	kovi	
6	32.57	1307473	2486104	C++	Evgenykz	
6	32.55	5095246	4483727	Java	tm.hung	
6	32.54	425477	474267	Java	selslack	
6	32.53	4067707	3495511	C++	therealbeef	
6	32.5	925695	2219543	OCaml	Boulet	
6	32.5	3436443	2473350	Python3	Mazelcop	
6	32.48	1854246	2496855	C++	Counterbalance	
6	32.44	4403787	3826301	C#	9002	
6	32.42	3319855	2345610	C#	Drobor	
6	32.41	1327028	579850	C++	FredericBautista	
6	32.4	4694028	3997082	C	vphilipp3	
6	32.38	2254195	1775858	Java	BrunoFelthes	
6	32.37	966939	2267329	C++	Bleuj	
6	32.34	1025212	1840018	Java	Asterixk	
6	32.34	893541	3929837	Java	wala	
6	32.33	1022925	2433006	C++	Adrien.	
6	32.31	1800350	2938086	C	Micolino	
6	32.31	1674752	924062	C++	lexXxel	
6	32.28	1722961	4557270	C++	Akadine	
6	32.28	2771065	3873389	C++	JHBonarius	
6	32.27	1518700	657070	C	Fuji	
6	32.2	2585583	3831659	Rust	Hans-Peter-Ingo	
6	32.19	3616460	2656459	Java	BabaOruhm	
6	32.12	153683	3533292	Dart	40R15T3	
6	32.1	4405629	3747622	C#	greatgc	
6	32.09	1784938	3083637	C#	Julius2k17	
6	32.08	2077458	1770259	Java	Ragi	
6	32.07	4283988	4407019	Python3	OBenjOne	
6	32.07	1225196	969866	Python	Pepetroo	
6	32.03	3815413	2942741	Swift	Michael_Howard	
6	32.02	1306541	2054695	C++	Steuh	
6	32	4087664	3369659	C++	YodaMaster123	
6	31.97	1293010	1854312	C++	aLee	
6	31.9	1547267	1674358	C++	Wariie12	
6	31.84	3624587	3440175	Rust	lesurp	
6	31.82	5284878	4711675	TypeScript	wmatex	
6	31.77	4090943	3356812	C++	Mlds	
6	31.71	5103577	4481606	C++	nh.duc	
6	31.7	3606806	2626857	C++	seouless	
6	31.68	5095247	4475848	C++	th.long3	
6	31.66	3124873	2234399	Python3	Trafim	
6	31.62	335954	4390006	Java	nmahoude	
6	31.56	1858764	2006203	C++	vdevid	
6	31.54	1500515	2061743	C#	eulerscheZahl	
6	31.49	622207	3174460	Javascript	Brandon	
6	31.46	3075074	2222219	Ruby	RaceWinner	
6	31.45	3582302	4324458	C++	sullyper	
6	31.44	630050	485352	Javascript	Chulepa	
6	31.44	155881	2322285	PHP	Hevey	
6	31.41	900129	1916488	C++	Julien_E	
6	31.39	3683265	4696289	C++	Bondo416	
6	31.37	271945	4557351	C++	aangairbender	
6	31.33	811622	3798298	C++	Scarfield	
6	31.31	507383	472541	C#	Vadasz	
6	31.26	1522998	3830679	C++	Momotebo	
6	31.23	1069477	977939	C++	lematb	
6	31.2	2869956	2169470	Python3	Oho	
6	31.17	490588	1775291	Python	Uljahn	
6	31.14	2300301	1869455	C#	DKC	
6	31.13	1827999	3772004	Python3	LeoMPCSI1	
6	31.12	2453853	1654913	Javascript	Jibboo	
6	31.12	329214	4269026	TypeScript	Mookymook49	
6	31.11	1737246	3870190	Java	Adam798	
6	31.11	3243532	2311327	Java	teccles	
6	31.11	4251195	3502967	C++	Smelty	
6	31.1	3076654	2405331	Python	bonebone	
6	31.09	1781686	1595272	C++	SpaceFlyer	
6	31.09	1550152	748277	Python3	flaks314	
6	31.08	1552097	692007	C#	Dinnot	
6	31.07	2058158	2061691	C#	RolandKnight	
6	31.07	1475662	609654	C#	bolsilludo77	
6	31.06	3965356	3095483	Python3	Civion	
6	31.05	3418599	2473661	C++	YvanHerreros	
6	31.03	2006324	3402145	C++	Oussama_Siharde	
6	31.01	3018110	2675483	Python3	MechLizardThing	
6	31.01	4366813	3748223	Java	frogmeat	
6	31.01	4154326	3415336	Python3	montplusa	
6	30.99	1436764	666120	Python3	Djuls-NYC	
6	30.99	5113159	4482492	C++	morroco	
6	30.99	1399382	897568	C#	Regulus136	
6	30.97	950512	2418123	C++	salim.aboubacar	
6	30.96	2666856	4060191	C#	PaleBlueDot	
6	30.96	1573471	2114689	C#	decompiled	
6	30.95	4175879	3421868	Javascript	wrygiel	
6	30.95	4662144	3956353	C++	traagel	
6	30.94	3042438	3842904	C++	Erossi	
6	30.94	2231695	2340899	Python3	Conrad_	
6	30.93	1611699	4277919	C++	EpiFlop	
6	30.88	4287222	3747518	C++	Gaksoo	
6	30.87	1127783	480296	Python3	zouzou	
6	30.86	1572888	1779616	Python3	DirtyHarry	
6	30.85	334434	2766767	Java	Rajh	
6	30.85	648751	486408	Haskell	dabino	
6	30.85	5108271	4485012	C++	nv.anh5	
6	30.83	1500387	3332468	C++	shile13	
6	30.82	1921687	2506514	Python3	Black-Born	
6	30.81	2438065	2424076	Javascript	iter	
6	30.8	1188212	580241	ObjectiveC	superredlark	
6	30.79	5132819	4582086	C++	Salmar	
6	30.78	2238146	2161377	Java	stem	
6	30.76	4205154	3850316	Rust	tuna_in_cream	
6	30.75	4405501	4389621	C++	KMStorm	
6	30.72	4050311	3172548	C++	DeaDOutside	
6	30.72	1436776	2201637	C++	BrainSolver	
6	30.71	5099840	4486013	C++	tan.vd	
6	30.71	1265250	2634056	C++	Velox1s	
6	30.7	889789	2672967	C	Alain-Delpuch	
6	30.7	2996651	2141618	Python3	EDB	
6	30.69	1491995	2142442	C#	Tyir	
6	30.69	5094960	4483809	C++	dp.hung	
6	30.69	1527403	3488724	C++	Di_Masta	
6	30.69	461956	3970427	Python3	dervish	
6	30.68	1933887	1139887	Python3	Bougie	
6	30.68	1817330	2743573	C++	Drisnor	
6	30.68	4470306	3823606	C++	NONstope	
6	30.68	607130	3978980	Go	asbjxrn	
6	30.67	2076740	1955805	C++	It_potato	
6	30.65	1164242	502613	Java	Andry_	
6	30.64	2118893	1431435	Go	CWarner	
6	30.63	4058746	3359786	C++	zekabyle	
6	30.62	1838549	2332072	C++	orangesnowfox	
6	30.62	1497264	2059469	C++	zPIxel	
6	30.61	4256431	3745871	Java	butcher2013	
6	30.6	3619062	4304303	C++	Ellamental	
6	30.59	4252234	3495719	C++	Nzk	
6	30.59	4395858	3769055	C++	SaidAouani	
6	30.58	4993857	4435047	Python3	WouterSolutions	
6	30.56	1755218	979169	C++	Valsor	
6	30.56	2924895	3791939	C++	trictrac	
6	30.51	2369368	3724877	C++	yaroslav_jin	
6	30.51	1414873	2257015	Python3	Volcomix	
6	30.5	1173502	572381	Java	wolfpack	
6	30.48	3588317	2903742	Python3	BrunoD	
6	30.47	3318755	2357394	C++	ziobert	
6	30.44	3322369	2342292	PHP	Mig75011	
6	30.42	5105183	4479777	C++	Mahan123456	
6	30.42	1488131	1296947	Java	neph	
6	30.39	1824968	1180170	Python3	PEPCSI1	
6	30.33	1703491	899131	Java	kojonkoski	
6	30.25	1676711	4276978	Java	Eeeval	
6	30.22	3750962	3025407	C++	Jeroenodb	
6	30.2	2473739	1845088	C++	ashibaev	
6	30.12	5099615	4483512	C++	son.le1	
6	30.09	4770317	4402593	Javascript	this_guy	
6	30.02	5107957	4482675	C++	ntb.thao1	
6	29.97	5135312	4549541	Java	LejekDoWrzatku	
6	29.95	1181685	2068992	Lua	dzik	
6	29.95	1589811	924974	Python3	imrel	
6	29.95	1213993	1209195	Python3	jjfPCSI1	
6	29.89	1853956	1501551	PHP	yoannk	
6	29.88	1120421	3856338	C++	Gordonihno	
6	29.87	2718963	2608267	PHP	Fregat	
6	29.83	4392923	3744134	Java	x[0]	
6	29.82	4264690	3725822	C++	hofangman	
6	29.76	3348388	4521478	C++	bowwowforeach	
6	29.74	3680749	2678881	C++	pivchik	
6	29.73	1065845	1932482	Ruby	Oli8	
6	29.72	5116362	4483181	C++	tuan.luong	
6	29.69	3717903	4535867	Java	sans17	
6	29.69	2093060	1482602	Python3	OursDesCavernes	
6	29.65	2583377	3480349	Python3	Zaras00tra	
6	29.63	1443095	3875366	Python3	Benamou	
6	29.57	1854731	1508924	C#	Solringen	
6	29.53	4745525	4561734	C++	NewCoder09	
6	29.52	2421141	2451777	Python3	HomerS.	
6	29.5	4338330	3690421	C#	0Ph	
6	29.48	1796115	985704	Python	JeanR	
6	29.45	1864483	1127838	Java	Mistblinde	
6	29.42	886483	1513137	ObjectiveC	R4N4R4M4	
6	29.39	481564	2585760	VB.NET	mihei	
6	29.39	3426123	3409812	Java	Buzzs	
6	29.39	2069141	2994543	C#	tomeko	
6	29.38	3919185	3092029	Java	Marcel10	
6	29.37	1540394	1475804	C#	LVdA	
6	29.31	4269124	4509306	C++	just~Now	
6	29.29	1136615	4513986	C++	BardeNiko	
6	29.27	4334406	4557550	C++	camdan.me	
6	29.26	4396811	3746564	Java	SSfrog	
6	29.24	1508325	2090523	C#	meonester	
6	29.24	1371221	3898933	C#	JacobMarner	
6	29.22	2560488	1775492	Java	HeinrichM	
6	29.19	154305	505682	Python3	marsu	
6	29.13	3519752	2559574	C++	punkt	
6	29.13	1105439	1949544	C++	Edrevan	
6	29.09	1050009	1495155	Python	wormball	
6	29.08	1792532	1868988	C#	Zanbez	
6	29.07	1541804	836418	Java	michaldo	
6	29.07	5095582	4547731	C++	bx.thoai	
6	29.04	3790948	2970823	C#	B6R	
6	29	2451652	3384867	Java	code_of_the_dead	
6	29	1487392	1775289	Java	Razielwar	
6	29	2691049	2058666	Java	bluegaspode	
6	28.97	3843105	3696597	Python3	PythonSlayer	
6	28.95	5123345	4494497	Python3	Toinou29	
6	28.9	3173494	2847108	Python3	WKDE	
6	28.9	788361	1775172	C++	Bob	
6	28.89	5105664	4482674	C++	No_1_VN	
6	28.88	3678069	2749711	C#	Julius2k20	
6	28.87	4571511	3874924	Java	amquake	
6	28.79	1514814	3366992	Python3	Peteloggin	
6	28.77	1341520	1782283	C	egaetan	
6	28.76	1768304	1600681	Python3	Manu306	
6	28.76	2000889	1289550	C++	f4	
6	28.71	1235498	612308	Java	Bouh	
6	28.69	421485	590553	C#	Faceless	
6	28.68	1464932	1387762	Java	Tiramon	
6	28.63	1841051	2125058	C++	0xbeefed	
6	28.6	2021126	1425215	Ruby	FPSCUBE	
6	28.58	5191224	4540107	C++	pliplop	
6	28.5	1490423	613081	C	shaman	
6	28.49	2350846	2332874	C++	DrBloodmoney	
6	28.47	5292989	4721941	C#	Camelius	
6	28.47	2216956	1750881	Python3	TimDarcet	
6	28.47	1447295	2463272	C++	Roszondas	
6	28.44	2802157	3137272	Python3	HKit	
6	28.43	1071140	486301	C#	BeberLeNewbie	
6	28.41	1666180	773594	Javascript	Vrumfon	
6	28.33	1757792	1857178	Java	oreshnik	
6	28.32	5134379	4507656	Python3	JCLV	
6	28.31	4590269	3906876	C#	Cheeriohz	
6	28.3	3305525	4299945	C#	StriderX	
6	28.29	1442327	3360505	C++	Pixelot	
6	28.28	3430880	3485833	C++	Kaearin	
6	28.27	4392570	3751517	C++	Know~~Nothing	
6	28.26	2892654	2448274	Python3	rangler	
6	28.25	2708810	1953999	C++	prdxfndr	
6	28.25	2439765	2680215	Python3	AndrewMarchuk	
6	28.25	5273372	4709982	Java	romanmar	
6	28.24	3819989	4710327	C++	KawattaTaido	
6	28.24	1718304	900982	PHP	Energiemann	
6	28.24	4997385	4428457	C++	Bystri	
6	28.22	2376044	3815804	C++	NecroSchmurf_IV	
6	28.22	1610474	751817	Javascript	Plink	
6	28.21	1930994	3745239	Lua	Darlyz	
6	28.21	705640	3397148	C#	KAAndreyR	
6	28.2	3749793	3014528	Python3	WINWINWIN	
6	28.2	3533314	3879989	C#	skotz	
6	28.2	1396756	4547506	C++	OMGJebz	
6	28.2	1393802	4256859	Python3	amzh	
6	28.2	4421805	3750649	C++	Rubixbob	
6	28.2	4053362	3376201	C++	Johan_Braanen	
6	28.19	232528	2267244	C++	cegprakash	
6	28.19	3086506	2206735	C++	KaisLadjemi	
6	28.19	813360	2235229	C++	Notinlist	
6	28.18	1353260	481632	Java	kluf	
6	28.18	2244606	4513182	Javascript	vindoz	
6	28.17	1492668	676076	Java	MatthieuC	
6	28.16	2125622	1987114	Java	Quetch	
6	28.16	1481544	1859424	C++	ZarthaxX	
6	28.16	2033641	4383975	Java	subastien	
6	28.15	2217652	4450491	Go	candid82	
6	28.15	4073483	3355094	C	foo.c	
6	28.15	1785774	1080976	Python3	stork	
6	28.13	5044876	4431895	C#	TimBav	
6	28.13	1525821	3672969	C#	Jeroo	
6	28.12	1378399	507616	Python3	DN38416	
6	28.12	3427526	2471888	Python3	remi2257	
6	28.12	3068306	2201496	Java	creder	
6	28.11	1306555	1316922	Python3	Nalafabi	
6	28.11	2077805	2211261	C++	bamilan	
6	28.11	706692	472460	Java	alexhap	
6	28.09	3213465	2307200	Python3	Gegene	
6	28.09	4071357	3359132	Python3	GrowlingBear	
6	28.06	155774	2105790	C++	dwarfie	
6	28.06	4458369	4695276	C++	Hisoka_Xx	
6	28.04	1711554	2610349	Java	Boboppe	
6	28.01	3901513	3087578	Java	baronB	
6	27.96	3955210	4044070	C++	mathlin	
6	27.94	1536426	3017308	Python3	sipa	
6	27.92	4119030	3419533	C++	Warui	
6	27.89	3999478	4712145	C#	FuriousT	
6	27.75	155896	2980955	PHP	gamoul	
6	27.73	1951848	4006135	C++	Bricolox	
6	27.72	1734105	1776690	Python3	Bibou	
6	27.67	4341304	4039677	C++	Remi.	
6	27.66	1826088	1215561	Python3	NicolasSR	
6	27.61	3424039	2459576	C++	Gerald555	
6	27.61	773720	588799	PHP	lrotherfield	
6	27.59	1629241	1842670	Java	DeVan	
6	27.58	1781641	933597	Python3	DavBfr	
6	27.56	3879667	4410885	Lua	Lysenti	
6	27.55	4715813	4153051	C	senn71	
6	27.53	1420269	611632	Python3	Vischtor	
6	27.53	4538251	4549285	C++	RicardoFeria	
6	27.53	3776530	2833646	Python3	Insufficient	
6	27.51	1814485	1399994	C#	Fluttershy	
6	27.51	2077929	1404934	Python3	Sam777	
6	27.5	1826023	1119242	C	ZeBest	
6	27.5	765200	3970482	Python3	FrancoisB	
6	27.49	2213396	4284117	C++	Furiuss	
6	27.47	688739	479030	Javascript	TiboW	
6	27.39	2282882	1589194	Python3	SajidPatel	
6	27.38	3283415	4033120	C	Bon[]Crayon	
6	27.37	1896469	1120289	Python	Morcos	
6	27.36	1389861	2485018	C++	Evgenykz3	
6	27.34	2244722	1624974	Javascript	Watabou	
6	27.34	3889048	3042410	Java	nightmag89	
6	27.34	1535165	807481	Java	WillN012	
6	27.33	3502258	2634509	Python3	TimAI	
6	27.3	1464853	807537	Java	WillNess	
6	27.25	1895212	1778565	C++	Maxlaxs	
6	27.16	4317389	3984666	PHP	Juust0	
6	27.09	3871167	4493294	C	ncoursol	
6	27.09	2119304	1462276	C++	Aname	
6	27.09	1569420	3395002	Python3	Tuo	
6	27.03	888904	582034	Java	DanyBoy	
6	27.02	1752303	908203	Python3	murrayr	
6	27.02	2743689	3327399	Ruby	cg000	
6	27.02	1754551	938322	Java	QiouBi	
6	27.01	789003	1866987	Javascript	Sharcoux	
6	27	3737875	2842521	Java	Gordon-from-Blumberg	
6	26.99	5100048	4483091	Python3	ImSoEvil	
6	26.98	3894788	3046469	PHP	digitalmaster	
6	26.98	1689938	3850111	Kotlin	Sharksorcist	
6	26.94	1799388	956390	C++	Wolfpacker	
6	26.93	1612971	3958135	Python3	Learnick	
6	26.9	1737554	1015548	C++	boa.st	
6	26.79	3376384	3351342	Python3	esteban616	
6	26.77	1060181	1782250	Ruby	Dabou	
6	26.77	1704713	837133	Java	Mitos	
6	26.76	1462449	612347	Javascript	wackadoodle	
6	26.74	1075334	2077847	Javascript	[AP]_deathpat	
6	26.72	1662410	1499044	Java	funcmatic	
6	26.72	1485690	1775847	C	Kikoo	
6	26.7	3535193	2582249	Python3	Kai1234	
6	26.7	3806383	4303718	Javascript	Anaxagore	
6	26.69	1449264	807119	Python3	Gadzy.fr	
6	26.67	1599495	746683	C#	Blue_	
6	26.67	4380347	4277333	C++	AsteelPoro	
6	26.66	2806374	3458578	Python3	BigArt	
6	26.65	2762653	2266953	Javascript	RAAAT	
6	26.65	3854069	4407615	Swift	Quid34	
6	26.64	2587391	1886272	C++	SergCha	
6	26.63	1753424	1637666	Javascript	FilkinKuiv	
6	26.62	4265157	3526779	C++	Sigaelmar	
6	26.62	4265144	3509343	C++	Andres.Alumets	
6	26.61	1294575	1797731	Javascript	SackPhantom	
6	26.6	1564075	785321	Python3	JHBR	
6	26.58	1863721	3368930	C#	intain	
6	26.57	1709045	947066	Python3	electroheart	
6	26.54	3504573	2584134	Javascript	ChrisOz	
6	26.54	1053520	2058749	C#	Thony	
6	26.51	1712706	1119126	C#	O.M.	
6	26.5	1909527	1215079	Python3	trololol	
6	26.5	4392142	3742641	Java	sslife01	
6	26.49	5231009	4596404	C#	Alweth	
6	26.49	3816816	2997711	Python3	NyxHemera	
6	26.49	198916	1775199	Java	WhatTrickeryIsThis	
6	26.46	3314335	4279618	C	Snailbot	
6	26.45	3373291	2430251	Go	BHW	
6	26.39	746260	1734321	Haskell	rhr	
6	26.32	3492840	2590149	C++	stormKx18	
6	26.3	2999564	2152698	C++	SneakyJoJo	
6	26.28	3745518	2833431	C++	kilpkonn	
6	26.28	4117944	3385685	Perl	BenjaminBrumaire	
6	26.25	1495394	598857	C#	qwerty_42	
6	26.25	1522371	653364	C	qwertiklubo	
6	26.25	224325	4554589	C	[BZH]TidyMaze	
6	26.19	3844625	3903717	C++	surgutti	
6	26.16	4433708	3816756	Javascript	timato	
6	26.13	1245647	1223021	C++	[CPC]Herbert	
6	26.13	162019	3358383	Python3	YoussefEL	
6	26.11	4377608	3708956	C++	Cheburator668	
6	26.1	1062524	3973039	C++	Babouche	
6	26.1	4078032	3377304	C	jeuco	
6	26.08	3964699	3102560	Javascript	valfury	
6	26.06	3187891	2328174	Python3	HCCHEN	
6	26.06	4895489	4311664	TypeScript	Voivalvatti	
6	26.03	2042572	3435224	Python3	i_am_noob_abc	
6	26.01	271873	1939581	C#	lionel_fr	
6	26.01	2858320	2111538	Python3	Loule	
6	26.01	1283384	2448734	Javascript	MrBib	
6	25.99	2976964	2684264	Javascript	BenjaminUrquhart	
6	25.99	1733593	1962098	C++	Wei-1	
6	25.97	3659194	2678554	Java	FreZzz	
6	25.97	1455012	606021	C#	ByGGy	
6	25.96	1654519	878291	C#	Horiga	
6	25.95	2105638	1418468	C++	BaronTrozo	
6	25.92	2466996	3867999	C++	dreadylein	
6	25.92	2592452	4523581	Javascript	Captain-Random	
6	25.91	1001266	1653351	Java	Chamel	
6	25.91	2228566	1480702	Python3	TomyRave	
6	25.89	4447882	3796517	Python3	Encre	
6	25.87	2585631	2591010	C++	Tkachenko	
6	25.85	1713174	3240300	Python3	BigUP	
6	25.82	2135916	1978423	Python3	Oioi	
6	25.8	1605509	1217102	Python3	JejePCSI1	
6	25.8	568476	496299	Java	Dje54	
6	25.78	3928773	3103084	Java	kimkim480	
6	25.74	4353630	3713180	C++	TsungHanChou	
6	25.72	1272951	3897971	Rust	don_bovar	
6	25.7	196606	583785	Java	EasyCoder	
6	25.68	1167048	1942008	Javascript	EdEnsor	
6	25.68	2055377	3999345	Python3	Covfefe	
6	25.68	1944006	2121790	Javascript	Gaspachoandalus	
6	25.67	4769150	4494671	Javascript	This_guy_Coder	
6	25.67	1425322	2459679	Rust	pixel8r	
6	25.65	4679312	3983738	OCaml	thib93	
6	25.64	1232188	473149	Python3	Sylven	
6	25.63	1480384	1737240	C++	RockyMullet	
6	25.53	1944860	4451524	Java	rebel	
6	25.5	938694	2095045	Javascript	Zerplin	
6	25.23	1966319	2846188	C++	0x6E0FF	
6	25.18	1582011	2207084	Rust	cryp	
6	25.17	2002555	1387012	Python3	MAXN	
6	25.1	2891360	2119256	Java	Aquamarine	
6	25.08	934381	2420001	C++	PolyB	
6	25.08	3925061	3057985	Python3	TwT	
6	25.03	4178870	3497795	Go	hanabi1224	
6	25.03	1291658	2281966	C++	maykeul	
6	24.93	3256107	2346717	Python3	Dogiv	
6	24.87	4413848	4483140	C++	atalvan	
6	24.83	1920637	4280556	Python3	ky012345	
6	24.83	2213064	2829432	Python3	Koreth	
6	24.78	2441594	1649910	C++	biber_33	
6	24.77	802171	498092	PHP	Merome	
6	24.77	1428084	4359175	Dart	Mixolyde	
6	24.72	1705522	4293518	Python3	Taplasto	
6	24.71	4823252	4442373	C#	JackMc	
6	24.69	1567943	3322945	Python3	LazyMammal	
6	24.69	3514684	4523820	Javascript	Piet_Hein	
6	24.69	2994874	2251159	Python3	MasterMechanic	
6	24.68	2720216	1958966	Kotlin	ilgiocatore	
6	24.68	2675100	1950209	Javascript	Motumbo	
6	24.68	2453008	3057979	Python3	Crypticsy	
6	24.68	193315	4401323	C#	hau	
6	24.67	1483798	3868713	Ruby	hm001	
6	24.67	1368852	2506228	Javascript	raysplaceinspace	
6	24.67	5225577	4561168	C#	qweqweqweqweqweqwe	
6	24.66	3594074	2871926	C++	jopo	
6	24.65	5095161	4475855	Rust	Lesstat_1779	
6	24.62	3599400	3860693	C++	ShaileshBangar	
6	24.62	4272061	3515808	Python3	HerbertDeVaucanson	
6	24.6	3999695	3679253	Java	ShaxoLudo	
6	24.6	1501735	1890167	Python3	bernardlavilliers	
6	24.59	5115143	4481975	C++	lt.son1	
6	24.58	1974975	1384632	Python3	Aimfall	
6	24.57	4080666	3375347	Python3	karintou	
6	24.57	1477603	1220890	Rust	jmb	
6	24.56	4597534	4717518	Python3	NbY1337	
6	24.56	2316796	2472828	C++	Psio	
6	24.55	3027952	3828054	Rust	duckymirror	
6	24.53	3943759	4364537	Javascript	Greeny	
6	24.52	1953062	1300277	Go	YukiOda	
6	24.52	879113	499356	Python3	Brunao	
6	24.52	1944724	1297355	C++	Anomin	
6	24.52	4480802	3808202	Kotlin	Nagatsuka_Akiya	
6	24.48	4976018	4377662	Python3	disihe	
6	24.48	2109250	1637791	Javascript	Vicarius	
6	24.48	3523080	3037219	Python3	Grabick	
6	24.46	1483234	1047090	C#	jbl	
6	24.45	4542834	3871828	Python3	Lowland	
6	24.45	5115139	4481976	C++	nh.hoang	
6	24.44	3932047	3114491	TypeScript	Tobito	
6	24.44	3354337	3451620	C++	Westicles	
6	24.41	1500783	4449004	Python3	NotwenCaasi	
6	24.4	1485015	1514757	C++	Murky	
6	24.4	2607343	1913026	C#	BiggityBang	
6	24.37	3627753	3042118	C++	Ael2	
6	24.34	1884001	1782505	C++	Coconara	
6	24.32	1145203	581980	Python3	Lemps	
6	24.27	1301401	977077	C#	Stanax	
6	24.27	1140030	2840780	Java	AdryBender	
6	24.26	2603249	1880085	Java	JeC	
6	24.25	329200	2678763	C++	BlitzProg	
6	24.24	3683598	4040715	C++	cyberfarm	
6	24.24	2064511	3074103	Java	Semenyutenko_Andrey	
6	24.23	3376614	2631988	Kotlin	tyhal	
6	24.23	1555765	750965	C#	DewJunkie	
6	24.2	1314796	478005	C#	JBence	
6	24.18	1499779	800410	Java	NomadZ	
6	24.17	1333869	800775	C++	kiwijam	
6	24.17	1454407	496408	PHP	SUPAD	
6	24.17	2092746	3997280	Python3	donjo	
6	24.15	3060929	2233125	C#	DMcQuinn	
6	24.15	3256989	4557464	C++	rizant	
6	24.14	5095029	4483093	Java	np.thao1	
6	24.13	3524000	4453845	Python3	depthzer0	
6	24.12	2681776	4058950	TypeScript	Klepus	
6	24.11	552776	1775175	C#	player_one	
6	24.1	4208158	3496007	C++	Tiouz	
6	24.09	4402936	3737059	Python3	JUJUJUUL	
6	24.04	1480068	634092	Javascript	dunnock	
6	24.02	4147861	3523061	Python3	FelixRichter2000	
6	23.99	1816399	3839561	Scala	lugu	
6	23.96	1752142	3606206	C#	EvilKurt	
6	23.95	3024338	3368016	Python3	FlyingTesuji	
6	23.93	4083537	3346838	Python3	DavidAvsajanishvili	
6	23.91	828213	1878329	C++	anst	
6	23.84	5101518	4485041	C++	Dz7	
6	23.83	2217375	1479053	Ruby	snrogers	
6	23.78	2050244	3012178	C++	Cezuriku	
6	23.72	2947459	4150744	C++	Fox787	
6	23.68	5049711	4543057	PHP	Fred1001	
6	23.68	3565446	3884872	Python3	GamesterB	
6	23.66	2561241	1804051	Python3	Napator	
6	23.65	1824561	2912316	Python3	Salenger	
6	23.57	3775529	3859652	Python3	god_of_tacos	
6	23.5	4265034	3974536	C++	RainMeikar	
6	23.49	1855741	1218103	Java	MrKIP	
6	23.48	734401	2495482	C++	b0n5a1	
6	23.45	3001215	4057898	Java	spider_7	
6	23.35	4534316	4033918	Python3	hakim59_razred	
6	23.33	3207606	3768883	C++	TobiasA	
6	23.2	1469819	584468	Javascript	Allsecond	
6	23.17	2809249	2264747	Python3	AnakinSkywanker	
6	23.16	4536529	3862190	C++	Flandu	
6	23.16	1705176	949059	Python3	Jabba_Hatt	
6	23.14	4669371	3964429	C++	finostro	
6	23.02	2073457	2994472	Java	A_WHO_	
6	23	3860512	3429712	Java	GroenWeisz	
6	22.98	5140957	4545152	C#	AzzedineL	
6	22.97	3670644	2743775	Java	dGrayCoder	
6	22.96	950378	3927683	C++	PapaMiracoli	
6	22.95	3406987	2570763	Python3	Radu_Sav	
6	22.93	2074008	1385226	C++	fnkfnkfnk	
6	22.91	1488036	636135	Python3	vlabbe	
6	22.83	3611257	4490391	C++	Apodus	
6	22.8	153045	2142100	C++	nib	
6	22.75	612827	1861840	Python3	Wellan	
6	22.68	2098589	2659564	Javascript	Patrice_Prisma	
6	22.66	3754358	3808542	Python3	Maxordd	
6	22.65	1894051	4163009	C#	DarkJarek	
6	22.64	1727322	920590	Python	pyjama	
6	22.59	1178569	505922	C	Azerrr	
6	22.57	4577765	3891501	Javascript	Candra	
6	22.55	1236024	3444632	C#	xspeedasx	
6	22.54	3077024	2202984	C	DrEyeBender	
6	22.53	1469666	2429378	C++	alenic	
6	22.53	3808031	3975979	Ruby	_proton	
6	22.52	2526322	1853377	Java	fhemsworth	
6	22.5	5115362	4484259	Javascript	XiKeLop1E	
6	22.49	1284747	1133637	Python3	mr-push	
6	22.46	1072900	2613036	C++	DenisStratonov	
6	22.46	1400653	1864367	Python3	tsalin	
6	22.42	2173677	3785558	Python3	Raubtaube	
6	22.37	1644437	875019	C++	SurfDog	
6	22.35	3071320	3878796	Go	autlunatic	
6	22.26	2216563	1498465	C++	TKD	
6	22.23	2377220	4176510	C++	arstneio	
6	22.22	1618351	771062	Python3	Iamafish	
6	22.22	1433073	651037	Python3	DWreck	
6	22.19	3508522	2586054	C++	cistercii	
6	22.17	3638423	4303303	Java	JOiy	
6	22.16	2310956	1612846	Python3	rorikon	
6	22.16	2892335	2221697	Python3	lukasz.fratczak	
6	22.14	1783446	961598	Java	GreY	
6	22.13	3306279	3454938	Python3	Butterslide	
6	22.13	754792	1935604	C++	Ramdeath	
6	22.07	1444576	4428423	C++	RagnarTheGreat	
6	22.04	2093404	1414136	Java	spiripontain	
6	22.03	1038824	2571353	C++	Yoda51	
6	22.01	1435565	788267	C#	KnOEdelKobold	
6	22	1498163	659959	Java	Ben-oit	
6	21.96	4396783	3747000	Java	Nialk	
6	21.92	1287188	3834078	Java	Tototonio	
6	21.89	1930944	1495021	Kotlin	Neige	
6	21.84	2847804	4011438	Javascript	Salketer	
6	21.83	2378983	1940870	C++	jonip	
6	21.81	1571275	768997	C#	MikeC	
6	21.8	3082494	2239777	Python3	alarih	
6	21.76	1387123	2040091	Java	fatkidforlife	
6	21.75	3708557	4543882	Python3	Sensayyy	
6	21.69	3142815	2243236	Python3	Jonanzr	
6	21.63	1728288	2091473	C#	MOLP	
6	21.56	2334621	1600564	Java	bcf	
6	21.54	4155983	3432100	C++	o0lit3	
6	21.52	1425201	3453464	Javascript	JamesPun	
6	21.49	1883154	3253534	Javascript	SpectralFlame	
6	21.45	3305900	3151377	Python3	Egrace	
6	21.44	5052454	4445851	Javascript	chris.steele	
6	21.41	3647844	2715658	Python3	rc95401	
6	21.39	2269150	2141853	Java	Spike_VB	
6	21.31	4845660	4077703	Python3	PCSI	
6	21.24	1823595	3019124	C++	LordFuXian	
6	21.13	4031451	4301917	Java	pbou	
6	21.11	1664044	1607737	Javascript	BUG	
6	21.09	4402951	3734090	Python3	Mimmo113	
6	21.06	1788941	1455171	Java	Franfy	
6	21.02	3574688	3783404	Javascript	RaulButuc	
6	21.01	3048052	3530517	Javascript	MetalRocks	
6	21	4826217	4277325	C++	An.Petrovich	
6	20.97	3387410	3057341	Javascript	Paolo_Rzf	
6	20.95	1076632	1331683	C++	Chen	
6	20.94	586074	4287114	Ruby	Nakilon	
6	20.94	1671658	1324296	C++	Kirbiby	
6	20.94	848052	646301	C++	agolu	
6	20.92	3134522	3114000	C++	Certicom	
6	20.92	2370407	1602859	C++	oneup40	
6	20.91	1452586	2062910	C++	Mambo	
6	20.9	4848961	4265844	Javascript	Sasso_Stark	
6	20.89	4841063	4712629	C#	Naxus	
6	20.87	4018953	3199064	Javascript	zTTK	
6	20.87	2661980	3419056	C++	Leos	
6	20.86	3927351	3791626	C#	AV123	
6	20.86	3973359	3504080	Javascript	KAbel	
6	20.86	715319	789779	Go	poksh	
6	20.85	2320530	1582411	Python3	Ferris	
6	20.84	3663476	3839503	Python3	Eiclan	
6	20.84	4211056	3974925	C#	Nachosauce	
6	20.83	906285	2307194	Java	Bastien7	
6	20.83	256333	2410321	C++	Caracole	
6	20.82	2479417	2691657	C++	Papa94	
6	20.82	2590474	1857894	Python3	LMaximus	
6	20.81	5104410	4481368	C++	Dracaufeu	
6	20.81	1691194	830415	C	fernsham	
6	20.8	969316	611705	Python	masterglob	
6	20.8	1200604	4635820	Python3	Alos	
6	20.8	3293190	3017360	Javascript	lhm	
6	20.78	3630308	2660838	Python3	Ragest	
6	20.76	2762153	2492244	C++	Lamadenine	
6	20.73	3774856	2990531	Javascript	_O-MEGA	
6	20.71	3678048	3412341	Go	ibrahimk9000	
6	20.68	3607018	3857360	C++	Aelyanne	
6	20.67	270881	4395665	C#	Maurice_Moss	
6	20.64	815345	3934100	Python3	kugan49	
6	20.61	3902927	3118300	Python3	Bulgot	
6	20.48	3525167	4526476	C++	fgsdt	
6	20.46	841085	1077578	C#	Risen	
6	20.43	4341727	3874465	C++	H-S-P	
6	20.39	1204522	1490544	Python	llllllllll	
6	20.27	4121230	3419206	C++	benjaminfiliatrault	
6	20.09	792813	2592177	Python3	VilBoub	
6	20.09	4262172	4024047	C++	highjump	
6	20.06	3055199	3993361	Python3	riedberg	
6	20.02	4840981	4550296	C	Enael23-jpauline	
6	19.98	1838612	3421202	Rust	statiolake	
6	19.95	4176076	3748352	C++	2134512	
6	19.94	1186273	4611735	Rust	knacky	
6	19.92	3226640	3528921	Python3	Samsamitos	
6	19.91	4468576	3847238	C++	E869120	
6	19.88	5151562	4602862	C++	DoughnutNCookies	
6	19.87	3749245	4720900	C++	yveslacroix83400	
6	19.85	2442948	1733650	Rust	cannon-fodder	
6	19.84	1690914	1594475	Lua	Sami_YC	
6	19.83	3973530	3160904	C++	kajav	
6	19.83	4447108	3785272	C++	MonkeyFeathers	
6	19.82	3738052	3758939	C++	samirMaoude	
6	19.8	3435179	2589520	Python3	Valphyr	
6	19.8	4277807	3509865	C++	RandeX-Dev	
6	19.8	1726600	3941645	C++	Patate	
6	19.79	3823708	3351777	C++	blald	
6	19.79	4156437	3400186	C++	komiamiko	
6	19.79	3916750	3072289	Javascript	AkinBooman	
6	19.78	4616322	4275142	C++	OneForCode	
6	19.77	3856311	3020668	C++	theShafted	
6	19.77	548989	3890071	C++	Nazit	
6	19.76	4278292	3534567	C++	Pandorre	
6	19.75	4298841	4431879	C#	Dapps	
6	19.74	4099691	3899654	Python3	Butanium	
6	19.74	4779369	4027538	C++	Anonimn	
6	19.73	2082417	1386869	Python3	GeneticalAI	
6	19.73	4392204	3746499	C++	wakanda-forever	
6	19.72	5119020	4486327	C++	nt.chien	
6	19.72	5111512	4483136	C++	nh.van	
6	19.71	4008340	3375633	C++	Shawnny	
6	19.71	836864	2329868	Java	anthonytn01	
6	19.71	978875	3060155	C++	sokki	
6	19.71	2457325	1671728	Python3	Darian4	
6	19.71	4503404	3825127	C++	Praveen_Srungavarapu	
6	19.71	569608	1093249	Python3	cetres	
6	19.7	4330929	3705623	Python3	hcanon	
6	19.7	4039794	3942225	C++	Codeab	
6	19.7	2453651	3537648	Java	mybk	
6	19.7	1179950	3681989	C++	PattoWaGuruDesu	
6	19.68	4890000	4287955	C++	Darkr	
6	19.68	3189631	2251184	Javascript	Arkless	
6	19.68	1129777	3443523	C++	Velvacaine	
6	19.67	1443538	581116	Java	Tux4711	
6	19.67	4684374	3972769	C++	Teunisv	
6	19.67	3930832	3107306	Python3	CSGO_BOT	
6	19.66	3929465	3791448	C++	mudiko	
6	19.65	1175343	3696578	C++	Hankerspace	
6	19.65	1469535	507131	C++	T1024	
6	19.65	1863217	3501974	C	Draradech	
6	19.65	3957471	3262086	Python3	Tannerr	
6	19.64	3975966	3344373	C++	HoussemH	
6	19.64	4133724	3430043	C++	KsandrKj	
6	19.64	4275624	3515761	Java	UnknownException	
6	19.64	4081845	3693251	C++	Pirelica	
6	19.64	3536151	3476194	C++	frank.nguyen.vd	
6	19.64	3959718	4434945	C++	Airgo1	
6	19.64	3691366	3342451	C++	V90	
6	19.64	1295026	3765628	C++	Cartosses	
6	19.63	3712768	3337137	C++	tavisboeh	
6	19.63	3828059	2984766	Python3	Valphyr1	
6	19.63	2650265	1931099	Python3	Dromeo	
6	19.61	3764598	3535089	C++	mgarcia-	
6	19.6	3008270	2501007	Python3	Wernight	
6	19.6	2779486	3975789	Lua	grinchfox	
6	19.58	5111611	4484329	C++	nm.duy1	
6	19.58	4294044	3681478	C++	simsimlafamille	
6	19.58	1142942	1625685	Javascript	Aquamoth	
6	19.57	1163546	1935958	C++	Pyou	
6	19.56	4323412	4281424	Java	LeProblemeEDMN	
6	19.56	2581364	1835760	Python3	AdamDobrowolski	
6	19.56	4767561	4022082	C++	Huat_Ah	
6	19.55	4334077	3681479	C++	Paul_Demanze	
6	19.54	1860827	1329588	C#	anuka93	
6	19.53	4382548	3725754	C++	SuryaTheOP	
6	19.51	2427426	1727726	C#	wallpap3r	
6	19.49	1309948	3394322	C++	Runner87	
6	19.49	3727918	2828387	Java	navid_bamdad_roshan	
6	19.49	4604807	3923621	C++	keic	
6	19.48	598286	2461251	C++	tcourreges	
6	19.46	2948040	2143010	Javascript	Pouyou	
6	19.46	2238294	4443328	Javascript	DVidian	
6	19.43	3488041	3534566	Go	KodeMonkey	
6	19.39	2265795	1581807	Python3	geobr	
6	19.39	2674460	3964612	Python3	Malte42	
6	19.32	3657937	3393235	Python3	elderlybeginner	
6	19.32	2931786	3345954	C++	ZunDubCore	
6	19.29	3718934	2833242	C++	SilverName	
6	19.27	4423117	3951172	Python3	Manopphysics	
6	19.27	4484234	3842000	Python3	PolentaEater	
6	19.25	5112640	4479806	C++	batngochua	
6	19.19	2515515	3099133	C++	Bobliu	
6	19.15	4530707	3846559	C++	DevGamesRo	
6	19.13	4380587	3744062	C++	anon0	
6	19.09	1787301	3765629	C#	plecompt	
6	19.04	1024757	1852192	Java	garcimore	
6	18.94	4261121	3836036	Python3	Louwi	
6	18.85	2869123	4314740	C++	minawk	
6	18.78	3673160	3070785	F#	f0ggyNights	
6	18.66	1354020	986881	C#	ChrisLloyd	
6	18.38	4373151	4506774	C++	MirinaeBoy	
6	18.31	1511356	3356009	C++	Wan.2000	
6	18.26	4592681	3904241	C++	Urutar	
6	18.25	1486945	963928	Java	FredrikMetcalf	
6	18.18	4879570	4700407	C++	Hunter256	
6	18.13	3868172	3672571	Javascript	Desjardins	
6	18.12	2937215	2131873	Python3	bubi24	
6	18.11	860297	2664990	C++	charlieamer	
6	18.11	3752051	4446998	Go	delabere	
6	18.05	4432273	3798626	C++	echo_miauo	
6	18.02	1722318	1801985	Java	TimCode	
6	18	4065322	4275103	Python3	ootsby	
6	17.99	3899624	3040006	Python3	okhofsk	
6	17.98	2877174	3847821	Python3	Krey2210	
6	17.97	854952	2207137	C++	dolmen1234	
6	17.96	3422956	2829338	Python3	Martichou	
6	17.91	2784019	2131595	Python3	cryptoroot	
6	17.88	3961389	3760402	Java	Jonny-Johnson	
6	17.86	1479236	627649	Java	Syj	
6	17.86	2408893	1933371	Java	jul_dmz	
