League	Score	UserID	AgentID	Lang	Pseudo	#multi,count=6320,time=2023-01-25 00:30:18
4	32.35	3193653	3694300	C++	karliso	
4	31.23	1607522	3692300	C++	RoboStac	
4	31.16	1400179	3683140	C++	reCurse	
4	30.86	3136787	3764441	C++	jacek	
4	30.48	4206854	4703335	Python3	TomAlard	
4	30.27	869239	3474244	C++	Vingte	
4	29.63	3457031	4444722	C++	YurkovAS	
4	29.57	2522090	4393664	C++	MSmits	
4	29.28	3348388	4376737	C++	bowwowforeach	
4	29.08	1607034	3261405	Rust	tomatoes	
4	28.58	2311105	4713598	C++	kovi	
4	28.41	1549145	3803171	C++	Mealc	
4	28.18	735487	3117996	C++	amurushkin	
4	27.88	2636370	3369669	C++	SupSon	
4	27.04	4452961	4711399	C	Sheeesh---	
4	26.88	186179	1996640	C++	Nagrarok	
4	26.3	1540478	4388761	C++	struct	
4	26.28	155924	4453045	C++	yvesmocq	
4	26.2	4931243	4339091	C#	drawde	
4	26.17	1802419	1964619	C++	shummie	
4	26.16	2638020	3998773	C++	ja_fica	
4	26.13	1860953	3158620	C++	Miarem	
4	26.12	4399833	3784068	C++	Peterpanda	
4	26.11	1629259	3081149	C#	Marchete	
4	25.9	2924895	2629601	C	trictrac	
4	25.9	2086052	3875392	C#	Lks10	
4	25.84	2923506	3371068	C++	darkhorse64	
4	25.77	3424888	3016459	C++	Hamibar	
4	25.77	893541	4545506	Java	wala	
4	25.61	1944726	4064876	C++	bourgeof	
4	25.58	1767183	3936462	C#	MelnikovIgor	
4	25.53	3243532	2608552	C++	teccles	
4	25.47	4081634	4040691	C++	Wontonimo	
4	25.45	1728326	3750419	C++	yduf	
4	25.38	3918583	4416856	Rust	mikmak	
4	25.37	1477622	4559966	C++	zrdon	
4	25.31	3758761	3443709	C++	Angecide	
4	25.24	588426	1815129	C++	Jeff06	
4	25.22	1480501	2356500	C++	DaFish	
4	25.16	3999174	4435651	C++	Shrimpster	
4	25.02	154312	4645601	C++	ThomasNicoullaud	
4	24.96	351062	2607946	C++	Neumann	
4	24.81	2968035	4705730	C++	DomiKo	
4	24.63	3523247	4003390	C++	alexcercos	
4	24.44	4154326	4402245	Go	montplusa	
4	24.37	2007852	2642821	Go	Zorg1	
4	24.34	154984	3135355	C++	_Royale	
4	24.05	4116990	3366051	C++	MyMonkey	
4	23.93	1567943	3767500	C++	LazyMammal	
4	23.84	3738782	3039119	C++	Inaniwa	
4	23.67	3726978	3326825	C++	VirtualAtom	
4	23.55	735910	1765816	C++	Agade	
4	23.55	2725066	3027950	C#	Cize	
4	23.46	4208158	3680643	C++	Tiouz	
4	23.45	1479930	2600311	C++	LeRenard	
4	23.39	1500515	3792265	C++	eulerscheZahl	
4	23.28	1734105	2246839	C++	Bibou	
4	23.22	1314316	2205692	C++	jolindien	
4	23.12	3795745	3884740	Javascript	Soboku	
4	23.03	2874091	4394181	C++	5DN1L	
4	22.97	3844625	4009507	C++	surgutti	
4	22.96	4067707	4264680	C++	therealbeef	
4	22.92	3533119	4292800	C++	wlesavo	
4	22.83	3819467	3037647	C++	bin101	
4	22.82	3230794	4475256	C	tutubalin	
4	22.64	1336464	3500721	C++	magaiti	
4	22.53	1307473	2502838	C++	Evgenykz	
4	22.51	1288527	3018810	C++	Snef	
4	22.48	2718975	3442543	C	mykeich	
4	22.44	154388	4560297	Rust	PonyPonyCodeCode	
4	22.39	2350415	3996493	C++	Vintarel	
4	22.38	3756199	2995251	C++	KnightMoves	
4	22.3	2731276	2050686	C++	panda42	
4	22.29	3819989	4385549	C++	KawattaTaido	
4	22.2	3274956	2600347	C++	LeProfesseur	
4	22.2	4802230	4078856	C++	Nanaeda	
4	22.17	218189	2492540	C	[CG]Maxime	
4	22.16	512097	2606753	C++	Stilgart	
4	22.14	3213465	2305018	C++	Gegene	
4	22.09	3049838	3924288	C++	pmor	
4	22.07	1206537	2595084	C++	MadKnight	
4	22.01	832306	2201315	C++	pb4	
4	21.97	3794725	3009647	C++	Qoo	
4	21.94	2976356	4387995	C++	magmasa	
4	21.89	4257906	4718709	Rust	NotSureWhyThisWorks	
4	21.88	3076371	2633253	C++	Krakota	
4	21.86	3165536	4558676	C++	barbora	
4	21.85	3366188	3782748	Rust	SteveWhite	
4	21.8	4421805	4414177	C++	Rubixbob	
4	21.78	2969097	3873384	C++	kempusss	
4	21.76	1783604	1779456	C	Vry	
4	21.74	3231345	3031057	C++	tokur	
4	21.72	2288263	2591448	Java	dbdr	
4	21.7	3333079	3973425	C++	azerty01	
4	21.63	805067	3213296	C++	Magus	
4	21.6	2906497	2239509	C++	daaskare	
4	21.57	2585583	3835303	Rust	Hans-Peter-Ingo	
4	21.51	820000	3173737	C++	ValGrowth	
4	21.51	3956037	4416312	C++	GNAM	
4	21.5	1601217	4395633	C++	Heide	
4	21.5	886483	4485459	ObjectiveC	R4N4R4M4	
4	21.49	1203167	2342643	C++	r3versi	
4	21.48	926124	2091007	C++	Beerus	
4	21.46	1684486	2837691	C++	Whopper	
4	21.45	1399382	1877044	C++	Regulus136	
4	21.45	517890	3488570	C++	Altaire	
4	21.42	489655	3902684	C	Yamard	
4	21.42	3381294	3991650	D	dkorpel	
4	21.4	1767130	2125249	C++	Binome38	
4	21.37	3745870	4669125	C++	K-meleon	
4	21.25	3770880	4406293	Java	Yu_212	
4	21.22	1515891	4464979	Rust	ndc	
4	21.22	1306813	3664503	C++	sprkrd	
4	21.19	3012238	3330579	C++	miszu	
4	21.17	1537951	4370685	Java	Nerchio	
4	21.12	4054608	4041623	C++	Rikus	
4	21.11	1957077	4485333	Rust	domak	
4	21.05	4060722	4554714	C++	StevenV	
4	21.03	4290907	3563687	C++	janm31415	
4	21.02	1243354	3963687	C++	RSBat	
4	20.96	2416641	3422282	C++	Zenoscave	
4	20.94	1109979	4714978	C++	Gloopy	
4	20.93	2491616	4423664	Rust	abt8601	
4	20.91	4498460	3994161	C	saraneth	
4	20.84	3919068	3821566	C++	14598366	
4	20.78	4482661	3873293	C++	square1001	
4	20.68	1903031	2083350	C++	hard-coded	
4	20.68	3175946	4545868	C++	qLethon	
4	20.67	1663349	3070521	Kotlin	Low-T	
4	20.64	1606588	2226078	C++	inoryy	
4	20.61	2363657	2479197	C++	Ztrk	
4	20.61	4801044	4552918	C++	T19	
4	20.58	965676	4077682	C++	Rafbill	
4	20.57	2771065	3876636	C++	JHBonarius	
4	20.55	2254195	3690658	Java	BrunoFelthes	
4	20.52	751369	3460166	C++	tibithegreat	
4	20.5	972894	3677646	C++	resty-daze	
4	20.5	1194069	2426768	C++	Redstrike	
4	20.49	1488729	3442732	C++	samrrr	
4	20.48	1147989	3502334	C++	kerek	
4	20.48	3744758	3873003	C++	Mateuszrze	
4	20.47	1399688	3804249	C++	jeyries	
4	20.46	3952328	3819650	C++	Lambdadelta	
4	20.45	1415495	1772153	C	fenrir	
4	20.44	3779295	3803037	C++	xxd	
4	20.44	943556	2423101	C++	DollarAkshay	
4	20.44	1050490	3877706	C++	Snark_Chaser	
4	20.43	2566623	2830156	C++	VincentBab	
4	20.43	1489865	2331914	C++	EricSMSO	
4	20.4	2515448	4304825	C++	ChuOkupai	
4	20.38	664112	3793452	Rust	AllYourTrees	
4	20.37	1673335	3342589	C++	LoGos	
4	20.37	1201796	4408554	Java	P.Greze	
4	20.36	3870898	4044072	C++	LSpachmann	
4	20.35	4034494	4543514	C++	GTaf	
4	20.35	1407720	3682804	Rust	bananaMixer	
4	20.34	3802525	3170361	C#	Chibikko	
4	20.3	4037601	3699350	C++	Jelafo	
4	20.3	1673512	3055013	C++	Ryoken	
4	20.29	892056	2218199	Java	LaurentTrk	
4	20.28	1757536	2326702	C++	BlueGhost31	
4	20.28	1520729	3397541	Java	Mathkute	
4	20.28	4070745	3829378	C++	HoriMiyamura	
4	20.26	1861258	3882048	Rust	Nazdhun	
4	20.24	2315158	3253438	Java	luigi_gelato	
4	20.24	2741162	2204271	Kotlin	YannT	
4	20.24	3734891	3470282	C++	Ahziel	
4	20.23	1073247	3874176	C++	_NikJ	
4	20.23	1930837	2614349	Java	dacr	
4	20.21	1306541	3825317	Rust	Steuh	
4	20.21	4268887	3968980	C++	XeroOl	
4	20.2	1372349	2410688	C++	NinjaDoggy	
4	20.2	4486413	4279874	C	ganbatte	
4	20.2	440476	3018573	C++	yowa	
4	20.19	854169	2226182	C++	Silmaen	
4	20.19	799904	3343617	C++	iwashi31	
4	20.18	837436	4281110	C++	aropan	
4	20.14	3002969	3849422	Rust	Porsuk	
4	20.13	4205154	4356406	Rust	tuna_in_cream	
4	20.13	1479137	3105622	C++	lorenzods	
4	20.12	524638	2459526	C++	miklla	
4	20.11	1714338	2127358	C++	cobase2010	
4	20.04	4262172	4063613	C++	highjump	
4	20.02	628171	4288590	Rust	xyz600	
4	20.01	2473060	3920417	C++	PierceH	
4	20.01	4062203	4314348	Rust	soraie	
4	19.99	1723970	3707928	Rust	Cendretoundra	
4	19.98	1022925	1850087	C++	Adrien.	
4	19.97	1335230	2238545	C++	jft63	
4	19.97	155774	3789622	C++	dwarfie	
4	19.95	935744	4385199	C++	Alcalyn	
4	19.95	3060932	4698021	C++	boumagik	
4	19.95	1944142	4305587	C++	yakalir	
4	19.94	1853219	4294995	Rust	hhabib	
4	19.86	533018	3783896	C++	Robinsstudio	
4	19.86	3226448	3027899	C	tobk	
4	19.84	4275200	4541917	C++	Laverdo	
4	19.84	844085	3035454	C++	kyopro_otk	
4	19.83	4046568	3536431	Rust	jfaixo	
4	19.81	2367822	3905568	C++	Naratzul	
4	19.77	1831684	1940367	Java	dbf	
4	19.77	1759839	3948463	C++	matleg	
4	19.75	1309948	3733698	C++	Runner87	
4	19.74	1114834	3000129	Java	k4ng0u	
4	19.72	3816482	4304211	C++	marcee927	
4	19.72	3359490	4343461	C	Gr0mph	
4	19.71	1616071	2321202	Java	Cyberpunk	
4	19.69	2316796	2229265	C++	Psio	
4	19.68	2065722	4512371	C++	hackedapricot	
4	19.68	3305510	4015630	C++	TBali	
4	19.66	4732605	4706849	C++	PoustouFlan	
4	19.6	2478316	3019024	C++	takeo1116	
4	19.58	1527403	3085364	C++	Di_Masta	
4	19.54	4009347	3858735	Rust	JaworWr	
4	19.52	1344487	3436060	C++	UnnamedCodinGamer	
4	19.52	1467771	3825837	C++	Telokis	
4	19.52	580424	3637826	C++	siman	
4	19.51	4039328	3975780	C++	KleinesAtom93	
4	19.51	1457162	4249563	C++	JFB	
4	19.5	1657489	3015163	C#	threecourse	
4	19.49	4110073	4319612	C++	souta_1326	
4	19.48	3834291	4554100	C++	yhyoxx	
4	19.47	1106450	1857071	C++	RiSuS	
4	19.44	4120837	4335599	C++	philipplenk	
4	19.44	1920415	4061948	Java	bortol	
4	19.42	3971358	3329976	C++	OldJohn	
4	19.4	198916	3684715	C++	WhatTrickeryIsThis	
4	19.39	4073854	4257563	C++	Buk.	
4	19.36	2720216	3276930	C++	ilgiocatore	
4	19.32	153774	1853448	C++	cocoche007	
4	19.32	3319855	3960458	C#	Drobor	
4	19.29	1854246	3710101	C++	Counterbalance	
4	19.29	638784	1905082	C++	Yqnn	
4	19.28	504985	3812774	Rust	Ster	
4	19.28	3486054	2493475	C++	Evgenykz5	
4	19.27	1815974	3333367	C#	tvv766	
4	19.26	3929465	3881234	C++	mudiko	
4	19.24	3749793	3042302	C++	WINWINWIN	
4	19.22	4124688	3990736	C++	Murat_Eroglu	
4	19.22	3228589	3529272	Java	MaximePRZ	
4	19.21	773811	3005667	Java	szoti	
4	19.2	1387149	3026784	C++	daisyo	
4	19.18	4274197	3839627	C++	i8fbnkyw	
4	19.16	2037512	2599313	Rust	mosh	
4	19.16	3826720	4025963	C++	Noppo	
4	19.15	2386035	3170299	C++	Samsonov	
4	19.05	2438514	3697945	C++	davi_bart	
4	18.97	2158902	2119372	C++	Snowbart	
4	18.95	2517057	4504386	C++	Edds	
4	18.85	3758410	3991762	D	Jeroen.	
4	18.84	837350	2206621	Go	BorisZ	
4	18.83	2390148	4514336	Rust	necabo	
4	18.81	3436443	2931544	C++	Mazelcop	
4	18.8	3788547	3974170	C++	Nelimee	
4	18.79	1931039	2206055	C#	MooMooN	
4	18.79	4317574	4276692	Rust	juliendbg	
4	18.78	335954	2207102	Java	nmahoude	
4	18.76	1049935	2055795	C++	Azkellas	
4	18.76	4475186	3991494	C++	JennieRuby	
4	18.75	965650	3974544	C++	abrl	
4	18.73	271945	3537862	Rust	aangairbender	
4	18.67	1756952	2408897	C++	Petras	
4	18.56	1518977	4714118	Rust	sntea	
4	18.54	2667209	4604040	C	crashoz	
4	18.52	2233179	4703932	Rust	Samsa	
4	18.1	3502867	2639721	C++	The_Duck	
4	18.02	1841051	4392662	C++	0xbeefed	
4	17.89	2451652	3365886	C	code_of_the_dead	
4	17.79	2433536	2603989	Go	GiantPanda	
4	17.69	1238934	3043593	C++	accorp	
4	17.6	3527657	4495831	Rust	AT274	
4	17.38	1162034	2639763	C	krakeusz	
4	17.32	3508564	3766966	C++	qweiop77	
4	17.01	3227829	3687014	C++	StarLord31	
4	16.87	3569066	4061707	C++	derjack	
4	16.47	1757792	3316647	Java	oreshnik	
4	16.44	5072331	4718894	C++	TiPoix	
4	15.94	898284	4441377	C++	Tiktaktorix	
4	15.38	2972662	3835906	Rust	Hoyer	
4	15.13	854952	1849509	C++	dolmen1234	
4	11.25	1061242	3884993	C++	Csipcsirip	
4	8.93	2969181	3867064	C++	maras	
4	6.78	1468059	3011550	C++	perseverent	
4	0.54	668954	3130032	C++	Fluxor	
4	-0.06	3636931	2668627	Rust	v0lat1le	
4	-0.06	3170918	3683139	C++	reLu	
4	-0.14	3886286	3081011	Rust	justnose	
4	-0.32	3362602	3707037	C++	nulte	
4	-0.36	155008	2852086	Rust	Majavar	
4	-0.45	3864752	3343033	Rust	MuddySneakers	
4	-0.49	3882633	3102551	Rust	evilnose	
4	-0.63	3207204	4039439	C	RomanceDawn	
4	-0.68	2295548	2588390	Rust	banban	
3	32.2	3085375	4283143	C++	FE40536	
3	31.98	3015376	4701297	C++	gaha	
3	31.84	1754295	3012723	C++	SF	
3	31.74	5271147	4719581	C++	yoch	
3	31.61	3240495	2476923	C++	tonowak	
3	31.46	2435328	1964594	C++	Rachol	
3	31.33	2515515	2995697	C++	Bobliu	
3	30.93	3335896	4495828	C++	_martynas	
3	30.87	4334077	3709648	C++	Paul_Demanze	
3	30.74	925695	3697150	OCaml	Boulet	
3	30.67	4470306	4002869	C++	NONstope	
3	30.57	3406508	3897523	C++	astral17	
3	30.57	2590149	2482734	C++	GoofyGas	
3	30.57	218800	2664562	C++	Uriopass	
3	30.51	2051334	1766820	C++	Dwarth	
3	30.5	1179950	4572819	C++	PattoWaGuruDesu	
3	30.42	1492846	3966783	Java	mdaw	
3	30.2	153692	3731733	Rust	Bleizig	
3	30.17	1952778	4275021	C++	blast_beat	
3	30.14	1287344	3713703	C++	Alshock	
3	30.11	3337117	3756115	Rust	timbersson	
3	30.09	4155983	3414517	C++	o0lit3	
3	29.95	4689620	4054219	C++	Idontknow.	
3	29.93	4689559	4034972	C++	Teerapat	
3	29.92	893598	2171837	C	tjandra	
3	29.88	3822729	2959321	C++	Exa65536	
3	29.87	3069534	3741042	Java	LoganWlv	
3	29.86	4927918	4557237	C++	InsertSkinHere	
3	29.73	3574688	3793404	C++	RaulButuc	
3	29.67	3659953	2665312	C++	Winnerr	
3	29.66	2589340	3527868	C++	Zource	
3	29.66	3470270	4431274	C++	Tabaxi3K	
3	29.62	3991151	3446457	C++	Lakoussa	
3	29.61	811622	3697048	C++	Scarfield	
3	29.5	2762653	2314616	C++	RAAAT	
3	29.49	1818159	1753051	C++	JRFerguson	
3	29.46	1001096	2161472	C#	MyIIone	
3	29.45	502798	2992884	C++	thunder	
3	29.4	1898847	2424009	C	faga	
3	29.36	2202751	4716949	C++	MacedoH	
3	29.33	2006324	3101721	C++	Oussama_Siharde	
3	29.33	3150053	3873300	C++	HarveyGW	
3	29.31	2861266	4272019	C++	fcil	
3	29.29	1425201	3467019	C++	JamesPun	
3	29.27	1647133	3012596	Java	ilt	
3	29.25	1724524	3833231	C#	Duaner	
3	29.2	705640	4448142	C#	KAAndreyR	
3	29.19	1273065	1748733	C++	TheRadical	
3	29.14	4509720	4408719	C++	SladkiPomidor	
3	29.13	2420671	1864550	Go	Irioth	
3	29.12	2158577	3025671	C++	zuko3d	
3	29.08	4883159	4292589	Rust	rs02	
3	29.06	3898813	3087276	C++	kouba64	
3	29.02	3166113	2668784	C++	noname10001	
3	28.92	3741527	3783982	C++	goolmoos	
3	28.88	2376044	4305391	C++	NecroSchmurf_IV	
3	28.74	4274465	4332553	C++	Kokahina	
3	28.71	2536538	4051703	C++	Pduhard-	
3	28.69	2540969	3527591	C++	_romanchick_	
3	28.68	1095913	3964074	C++	Yamatan	
3	28.64	536072	2324425	C++	IKarl	
3	28.6	1876212	3055065	C++	PFischbeck	
3	28.58	841085	3036585	C#	Risen	
3	28.57	1752303	2679749	C++	murrayr	
3	28.57	1566335	2997222	Java	BeardedWhale	
3	28.55	1169499	2259791	C++	naab	
3	28.53	2642463	1884888	C++	dlubenets	
3	28.48	4800950	4517549	C++	mshibatatt	
3	28.44	1921731	4075681	Rust	Loek	
3	28.39	2238146	4380462	Rust	stem	
3	28.32	1436776	3664357	C++	BrainSolver	
3	28.26	4555256	3921944	C++	medycynka	
3	28.23	2184856	3873770	C++	MichalOp	
3	28.19	155912	3987435	C	MounirEnmeiRyuu	
3	28.1	525818	4039762	C++	a.podlesny	
3	27.93	4271551	3529537	Rust	cr4zjh0bp	
3	27.92	4324991	4457044	C++	Zach-Leee	
3	27.89	4087664	3351017	C++	YodaMaster123	
3	27.67	5142493	4556481	Java	jaksi	
3	27.67	3039012	4560030	Rust	matsu7874	
3	27.66	1050421	2056849	C++	geppoz	
3	27.6	1471090	2226902	Haskell	Arcs	
3	27.58	4334151	3911828	C++	LittleDarkBug	
3	27.55	1854639	3009262	C#	iDxMeG	
3	27.52	4989283	4452819	C++	Mangoh	
3	27.49	4049800	3847789	Rust	OlivierRivoyre	
3	27.48	2114947	2154253	Java	Nixerrr	
3	27.46	3641804	4080192	Rust	k-masatany	
3	27.45	1366373	4156931	C#	DenWer	
3	27.45	2907009	3821640	C#	Arnaud.Net	
3	27.45	1661333	2137153	C++	linjoehan	
3	27.44	1853956	1778023	PHP	yoannk	
3	27.44	4075151	4675441	Go	cedi	
3	27.41	3871167	4043117	C	ncoursol	
3	27.4	4778025	4283058	C	MGTRFELIPEURREGO	
3	27.38	3482129	4064736	C++	Tiho97	
3	27.36	2422160	4398899	C++	chacalito	
3	27.31	2902986	2493232	C#	Zilvarro	
3	27.25	1944090	1743540	C#	spaceorc	
3	27.25	1100614	2238809	C++	ppeetteerr	
3	27.2	1034635	3712726	C++	SlyB	
3	27.18	580333	1848008	Java	hgarrereyn	
3	27.16	2014685	2307163	Java	Colossus	
3	27.12	934381	2416457	C++	PolyB	
3	27.11	1607395	2457055	C#	Osuran	
3	27.08	3922325	3079749	C++	Degalat	
3	26.97	3742936	3530598	Python3	David26	
3	26.83	2320530	4000398	C	Ferris	
3	26.82	4334406	3683217	C++	camdan.me	
3	26.53	1899200	3536235	C++	Ellain	
3	26.45	4222287	3473858	C++	Initial_Dream	
3	26.38	3417724	2713823	C#	Illya	
3	26.35	3629685	4718501	Javascript	Apofils	
3	26.27	154078	3006842	Java	Yahya.Elfakir	
3	26.26	2544989	3336565	Rust	lulugo19	
3	26.25	3983017	3735766	PHP	TLbuis	
3	26.24	3509023	4322051	C++	TheUglyBoty	
3	26.23	2405889	1848834	C++	Saivo	
3	26.16	1152991	3891417	C#	xoposhiy	
3	26.09	1178276	2139436	Java	Jerome_95	
3	26.08	300142	1885372	C++	oyefremov	
3	26.08	4426010	3827258	C++	Elufulec	
3	25.87	1798013	1778564	C#	Galdarian	
3	25.72	1484839	2345642	Go	sparky	
3	25.72	3938395	4524485	C++	Quentin18	
3	25.69	2130169	4014527	C#	CyberLemonade	
3	25.54	3660819	3702967	C++	BloodyTurtles	
3	25.5	1347650	3342180	C++	T-Dup	
3	25.5	762642	2071413	C++	Wonyoung	
3	25.47	2096659	4635458	Rust	tunehira	
3	25.47	1433688	1763838	C++	Geropy	
3	25.39	165671	3702088	C	LoopCodeRecur	
3	25.33	5246622	4719259	C++	RinSakamichi	
3	25.3	2480831	2020695	C#	mopozko	
3	25.27	2765317	3601638	C++	GeeX86	
3	25.27	2577687	2489973	C++	blasterpoard	
3	25.26	2438011	1789983	C	Findo	
3	25.23	898175	1862714	C++	BioTiNe	
3	25.22	1477287	3757382	Java	im-eliminator	
3	25.18	5131888	4534653	Java	PawKow2K	
3	25.15	2187656	1848735	Go	RanXerox	
3	25.14	1186250	3744405	C#	Gabbek	
3	25.12	1932980	3588168	Rust	AlexandreK	
3	25.09	1077559	3352878	Java	PhOeNyX	
3	25.06	2962968	3379921	C#	Pukunya	
3	25.01	2485906	3714783	C++	superdau	
3	24.99	3873666	4325730	C++	brthyyjp	
3	24.97	1715391	1743575	Java	Skolin	
3	24.97	2515853	3427924	C++	Nieznany	
3	24.96	3791447	4286215	C++	4bungi	
3	24.83	860404	4437074	C++	Vitruvius	
3	24.83	3260156	3160784	C#	KrzysiekSlawik	
3	24.82	4115495	3953780	Java	IntelliBae	
3	24.8	498366	3129407	Rust	Vat	
3	24.77	1348621	2084254	C	sephi	
3	24.73	3421000	2641243	C++	tfg	
3	24.73	2058158	3720111	C++	RolandKnight	
3	24.71	2613606	4432080	C++	Nivekiba	
3	24.66	3335921	4078930	Kotlin	vcoubray	
3	24.59	3998374	3139470	Go	MatMarkiewicz	
3	24.59	2686778	2237004	C++	AKEE	
3	24.56	1342745	2656899	C++	Catiminie	
3	24.52	2121438	3857643	Rust	DarkPhoenix6	
3	24.46	1305374	2357691	C#	Frankich	
3	24.41	4298841	4413441	C#	Dapps	
3	24.41	2781244	2055829	C	cgratie	
3	24.4	3691382	3152561	C#	Kamil2601	
3	24.38	630050	4514225	Rust	Chulepa	
3	24.37	3770485	3065237	C++	zakki	
3	24.36	331880	2228459	Kotlin	Monstruo	
3	24.36	2921283	3874403	C++	AlluringChair	
3	24.35	1830625	2071058	C++	-Rutger-	
3	24.34	4078207	3342206	Java	codinferi	
3	24.33	2051278	3879910	C++	GuillaumeK	
3	24.32	2606595	3995206	C	PaulH	
3	24.31	3360144	4556742	C++	n0ma_ru	
3	24.31	3488041	2588882	Go	KodeMonkey	
3	24.3	859440	1977057	Java	acnipih	
3	24.28	2005570	3358280	Java	botaki	
3	24.26	3027952	4434416	Rust	duckymirror	
3	24.15	3326102	4506819	Go	xeonx_424	
3	24.14	3727174	2759005	C++	Crazy_Remi	
3	24.08	155896	2852697	PHP	gamoul	
3	23.94	2369368	3747941	C++	yaroslav_jin	
3	23.84	3533314	2577284	C#	skotz	
3	23.79	4028675	3157707	C#	_Maxx_	
3	23.79	2419811	4477117	C	Valbou	
3	23.72	2164798	3926528	Go	Mihai-Boicu	
3	23.69	1050420	3672567	C++	boi_led_egg	
3	23.65	1664044	1858620	C++	BUG	
3	23.61	3748819	3884476	C++	Flaj	
3	23.59	4774948	4047040	C++	ChadPod	
3	23.58	3760956	3498703	C++	GeekNbOne	
3	23.48	876885	2354118	C++	Bebware	
3	23.45	828213	2686699	Go	anst	
3	23.43	3770912	3993622	C#	fgwiebfaoish	
3	23.43	3167968	2355934	C++	Master_Zain	
3	23.41	2889179	2504247	C++	sheming	
3	23.37	2616350	2099046	C++	Schnibble	
3	23.36	1622340	2629768	C#	VernerVinge	
3	23.35	5025755	4530677	Rust	TomBAN	
3	23.35	2466996	3808311	C#	dreadylein	
3	23.33	1655199	3427361	C#	Kobzar	
3	23.31	1630890	1753815	C++	Wld	
3	23.31	1631057	4391040	C	Pask	
3	23.3	182536	2682723	C	dbo	
3	23.23	2527678	3708597	Go	NomNick	
3	23.13	3996809	4442227	C++	VizGhar	
3	23.12	1451652	4554371	C++	afaure	
3	23.11	3692372	3382789	C++	Marcel96	
3	23.06	4031451	4540339	Java	pbou	
3	23.02	2500089	2692285	Java	Fantomat75	
3	23.02	215395	4697256	C++	Enknable	
3	22.94	2188022	4067848	C#	neuralsim	
3	22.92	509738	3150912	C#	Konrad_Wer	
3	22.89	1768916	2610711	C++	YetAnotherAdam	
3	22.86	1195934	1758097	C#	odinmillion	
3	22.84	1172385	2653409	C#	LuckyMe	
3	22.74	2242201	2622811	C++	Maryan	
3	22.73	3235897	3721133	Java	Zylo	
3	22.71	3341241	2359531	C++	StevenJames1	
3	22.7	1726600	3194440	C++	Patate	
3	22.7	4414348	3796696	C++	juice0	
3	22.69	1631651	2847713	Java	m1k4d0	
3	22.67	1765278	2355178	Python3	SuperMiron	
3	22.66	1920780	1746281	C++	WagnerGascho	
3	22.63	4415445	4553671	C++	UnSaumon	
3	22.62	1380703	3923972	Java	Blabbage	
3	22.6	2073179	2189350	C++	Biwere	
3	22.59	1816783	2975106	C#	NightLuna	
3	22.59	1525821	1743584	C#	Jeroo	
3	22.58	2337432	2679717	C++	JayHell	
3	22.57	1200604	4406390	Swift	Alos	
3	22.56	3426194	2457725	C	risocs	
3	22.55	624295	3700222	C#	ExplodingKitten	
3	22.55	3814134	3033237	C	playerA1811003	
3	22.54	2455124	3538268	C	agiordan	
3	22.45	2107217	1856062	C++	OhMaley	
3	22.44	1876721	1743555	C++	poInT	
3	22.43	2409542	4512313	C	VoxoR	
3	22.39	1802967	3338350	Python3	Meruem	
3	22.3	3044280	2412812	C++	AminGholizad	
3	22.29	1137663	3870382	Go	dkov	
3	22.29	2315823	4072973	C++	DingBeep	
3	22.28	1758330	3869480	C#	Kamirus	
3	22.28	545951	2106718	C++	AntonT	
3	22.26	631323	1764032	Python3	herve056	
3	22.26	1772665	1751895	C#	pdu	
3	22.26	2863110	3024237	C++	iehn	
3	22.22	281268	1885383	Java	DevAir1	
3	22.2	761917	2999025	Go	hibou	
3	22.18	1715523	3021817	C++	Musico15	
3	22.09	2786666	2476292	C++	TetraktysPhi	
3	22.07	2455616	3755327	Java	JeanClaude44	
3	22.01	4399354	4559638	Javascript	PeterRockLife	
3	22.01	2115491	2829392	Go	Haashi	
3	21.91	3760551	3883631	C	stivens	
3	21.91	1880319	1761858	C++	WildSmilodon	
3	21.91	4483706	3804100	Java	L_RON_SCRUBBARD	
3	21.87	2050543	3142703	Java	Cherubael	
3	21.71	482445	2096911	C#	BogdanSavchenko	
3	21.7	3741047	2883474	Java	Ulrahid	
3	21.69	3727077	3127875	C++	Manwi23	
3	21.57	1742604	4389414	C++	TonoX	
3	21.54	610416	3032058	C++	tekitouk	
3	21.53	2453651	3481901	Java	mybk	
3	21.52	4506498	4695799	Rust	TimeEngineer	
3	21.51	3847976	3831231	C#	[SG]Mob-Programming	
3	21.47	3520162	2573539	Go	KalleJoP	
3	21.45	1685283	3954900	C++	schadocalex	
3	21.43	2837654	2305961	C++	R2B2	
3	21.42	1719275	3477559	Java	Smandon	
3	21.42	3244897	3934451	Java	Romii	
3	21.42	153965	2358717	Python3	[CG]Keelhaul	
3	21.42	270881	4505213	C#	Maurice_Moss	
3	21.41	224325	3444596	Go	[BZH]TidyMaze	
3	21.41	2525854	1774101	Java	AlexRacer	
3	21.41	2470677	2060084	Java	Goujon	
3	21.41	3731053	4533752	C++	05	
3	21.4	828239	1779145	C#	[SG]Sebastien	
3	21.39	2341005	1854335	C#	Crispy23	
3	21.38	1968855	3844603	C	ThePurificator	
3	21.37	3235896	3353629	Java	Fenz	
3	21.37	2792232	2197289	Python3	Monoterpene	
3	21.37	1438865	2843967	Java	tdeblock	
3	21.36	4105230	3878424	Go	holite	
3	21.36	2169719	1882036	C	KaluTheFrog	
3	21.35	939530	2070751	Java	Jahz	
3	21.35	4528331	4470186	Go	AllanB	
3	21.34	4791497	4070867	Go	germ5000	
3	21.32	1209562	1744375	C++	Jiway	
3	21.31	2662675	2321106	Go	redline	
3	21.29	1314796	1758334	C++	JBence	
3	21.27	2067176	1763568	Javascript	0bug	
3	21.27	848394	3341911	Java	schwarzahl	
3	21.26	4079647	3465092	C++	jbmorice	
3	21.25	484004	2995053	Java	aCat	
3	21.24	3430773	3113631	Go	tax16	
3	21.24	1511356	3089797	C++	Wan.2000	
3	21.24	2836130	2070848	Javascript	dos	
3	21.22	4556275	3986419	C++	Tkyl	
3	21.22	4005770	3130459	C++	AmauryButaux	
3	21.22	1172955	3170714	Java	aabzac	
3	21.22	3962693	4694924	C#	Kamoun	
3	21.22	2597520	3759430	C++	Vianti	
3	21.21	3657691	3052462	C++	D3structor	
3	21.21	2852592	2099161	Go	OHER	
3	21.21	2046022	2057018	Go	Pez	
3	21.21	978875	3059863	Go	sokki	
3	21.21	153557	2589133	C++	ISMAX	
3	21.2	3513265	4001223	C++	DaNinja	
3	21.2	888898	2072517	C++	helgui	
3	21.2	4526255	3885217	Go	Killian_Garton	
3	21.2	2605855	3880619	C	logiqub	
3	21.2	3732452	3865057	C++	ItachiEU	
3	21.19	334434	3977867	Java	Rajh	
3	21.19	2510517	3107077	C++	Turtlefight	
3	21.19	2695010	2244736	C++	chku	
3	21.18	3903847	3361915	C#	UnicornP	
3	21.18	4277867	3678712	C++	About	
3	21.18	4495714	3835171	Rust	BenInTheBox	
3	21.17	3983862	3989919	Go	Mimos	
3	21.17	1045530	3884210	Java	alaperrot	
3	21.16	1163138	2616474	Go	Vince85	
3	21.16	4149319	3437359	Python3	MKoding	
3	21.16	3973359	3463715	Go	KAbel	
3	21.15	5135312	4522497	Java	LejekDoWrzatku	
3	21.13	5052454	4447484	Go	chris.steele	
3	21.1	4124678	4004652	Go	someguy1311	
3	21.1	4320516	3842773	Go	Lottot	
3	21.09	3745995	3873722	C++	MicGor	
3	21.08	4127464	4534211	Rust	Segfault_4573256634	
3	21.06	2463909	2066733	Java	ckobayashi	
3	21.04	1751467	2183661	Python3	Une_Vachette_du_31	
3	21.04	4484723	3979555	Python3	Loek_OPENICT	
3	21.03	3697689	3678686	Rust	MrSkaal	
3	21.03	3207606	3800173	C++	TobiasA	
3	21	4572223	3880235	Java	oskar1	
3	21	4067900	3912995	C++	Nyanyan	
3	21	1416725	2204318	C	BayashiPascal	
3	20.99	2333083	3126264	C++	Febrin	
3	20.97	562272	2115778	C++	Arblash	
3	20.96	4380347	3874118	Go	AsteelPoro	
3	20.96	1829569	2092581	Go	[0___0]	
3	20.95	2769835	3456946	C++	kyunamk	
3	20.95	2449144	2220016	Go	Squiki	
3	20.94	4706557	3989097	Go	Despokin	
3	20.93	4510576	4274978	Rust	__Malina	
3	20.92	4648805	4480960	C++	LordOfElements	
3	20.91	2661980	3946968	C++	Leos	
3	20.91	3331745	3712219	Go	XeraFiu	
3	20.89	4823073	4286788	Python3	davfrv	
3	20.88	1571621	2577476	PHP	rjmcdona	
3	20.87	1858781	2504047	C++	whyando	
3	20.85	3928554	3070490	Go	ScorchingEagle	
3	20.84	1733593	1756367	C++	Wei-1	
3	20.81	2990918	2425182	Javascript	Dingodino	
3	20.78	4061739	4559171	TypeScript	citolen	
3	20.77	496227	2603068	Java	Denebil	
3	20.71	2095146	3961464	Javascript	Incognico	
3	20.68	892436	1745811	C++	Napak	
3	20.67	3461379	4556382	C#	StraightOne	
3	20.62	2340294	1769364	C	eviLu	
3	20.62	3229071	2627591	Java	megawarrior	
3	20.62	604234	1777285	C++	ArnaldurBjarnason	
3	20.62	800441	3684797	Rust	kwrig	
3	20.62	172938	4287332	PHP	kuzmaka	
3	20.61	4266575	3641099	Java	gaua	
3	20.6	4517886	3902049	Javascript	imgoingtolose	
3	20.55	775897	1748834	C++	gchebanov	
3	20.54	4256431	3538115	Java	butcher2013	
3	20.5	5178754	4552642	TypeScript	Yudra	
3	20.49	1629241	2846461	Java	DeVan	
3	20.48	1745440	2637426	Java	aka_npou	
3	20.46	1968818	2222787	C++	TeamTurtle	
3	20.43	4695190	4151467	C++	power-ranger	
3	20.42	154806	3831253	C#	piwai	
3	20.4	792813	3167495	Python3	VilBoub	
3	20.4	3776530	3112464	Python3	Insufficient	
3	20.39	1256312	3404005	C++	Djoums	
3	20.36	5138645	4524991	Java	krzys32	
3	20.34	1600779	1777207	C#	AustinSpafford	
3	20.33	1558343	2048779	C++	kindanoob	
3	20.31	2414982	1765946	C++	pavveu	
3	20.3	4375316	3775420	Python3	Flash7	
3	20.27	3681441	2893879	C++	BrunoBerthier	
3	20.23	2398560	2111172	C++	kilt_001	
3	20.23	1464932	2116784	Java	Tiramon	
3	20.21	1229845	1876476	Java	Jipe	
3	20.2	567404	3533966	C++	sash	
3	20.18	4582165	4014371	C#	IllusionSquid	
3	20.14	2498936	1754373	Java	JeanXII	
3	20.11	2612922	3727859	Rust	Jager567	
3	20.1	3756021	3016154	Java	TheSkolar	
3	20.1	4007648	3141843	C++	nan0S_	
3	20.08	1540282	3080369	Java	trexplex	
3	20.05	2950978	3104634	C++	icecuber	
3	20.02	4325119	3698636	Kotlin	Klimpergeist	
3	20	672318	4372541	C++	mpt	
3	19.99	2651240	2052733	Java	[MPST]Donset	
3	19.99	3944012	3100711	C++	nightyhawk	
3	19.96	836864	3954901	Python3	anthonytn01	
3	19.96	3380514	2490133	Java	DFrese	
3	19.96	880353	3490173	C++	zasmu	
3	19.92	1378958	1758756	C#	Illedan	
3	19.89	1003777	2734362	C++	DanXX09	
3	19.85	1796070	2626845	Java	MinorScale	
3	19.85	581921	4518016	C++	GuyBol	
3	19.84	507538	2115634	C++	Krzybe	
3	19.84	1740037	2679438	Scala	ereiam	
3	19.84	201919	1744376	C++	LouJo	
3	19.83	1530051	3493978	C++	UlYoP	
3	19.81	1634607	1774848	Python3	Taraxacum	
3	19.81	2317747	3782701	Haskell	ElPsyCongroo2011	
3	19.81	5142918	4548985	Java	kapi_szon	
3	19.81	1982271	3575400	Javascript	ploufplouf	
3	19.8	4691447	4295143	C++	to_omoT222	
3	19.8	3677591	3155316	Rust	jthemphill	
3	19.78	1455753	1959455	C++	Lysk	
3	19.77	2592027	1848939	C#	ParticleBeam	
3	19.75	4064173	3908389	C#	Alurian	
3	19.75	5134776	4533310	Java	OzjaszGoldberg	
3	19.75	3368067	4507853	Java	jgall	
3	19.75	4042270	3299952	Python3	Andre.H	
3	19.75	4784735	4274869	C++	vertdeter3	
3	19.74	2398608	3683700	Python3	M_C	
3	19.73	952784	3977800	Java	[CG]Simon	
3	19.71	839879	3058424	C#	Washier	
3	19.71	3596407	4448919	Rust	Armageddon1337	
3	19.71	4019578	4294524	Java	Quentin_Moriceau	
3	19.7	3008749	4296579	C++	Cordon_bleu	
3	19.7	1701043	1750728	C++	Qnu	
3	19.6	2855138	3785721	C#	KhaosGamer	
3	19.56	267148	2139277	Python3	d3dave	
3	19.55	4063588	4490286	Python3	Entropical	
3	19.55	1629402	2084306	Haskell	asvyazin	
3	19.55	1961440	2127949	Python3	simon_v	
3	19.53	4072753	4024092	C++	mdstoy	
3	19.51	3056556	2770578	Go	AmineZarouane	
3	19.48	4589241	3894764	Python3	Setra022	
3	19.48	4726880	4152580	C++	Vert_Deter	
3	19.47	1791118	2445891	C++	Baboune251	
3	19.41	4122678	4718487	Rust	DrFlowerkick	
3	19.41	3958200	4424788	C#	IonutH	
3	19.4	3427526	3393579	C++	remi2257	
3	19.37	5014463	4514852	Javascript	EnzoLEBRUN	
3	19.33	195088	1775667	C++	Jopie64	
3	19.29	3464590	2637486	Java	abbecool	
3	19.24	1667236	3459911	C#	Nerwosolek	
3	19.18	4451820	3775295	C++	Teiglin	
3	19.15	1752518	2703055	Java	akirender	
3	19.13	1323621	1763678	C++	Blablub	
3	19.13	3416055	3030252	Python3	ItsAFeature	
3	19.11	3031573	2576957	Java	aghiles	
3	19.1	230693	2637306	C#	didyme	
3	19.08	5131933	4541301	Java	novsonMartinez	
3	19.02	2892501	4417715	C++	JakubMaras	
3	19.01	3357617	4509597	Python3	Eldanor	
3	19	1330431	3784767	Python3	TzeKin	
3	18.98	1947364	3053974	Rust	AdrienDesola	
3	18.98	1987751	1853310	C++	ruu	
3	18.97	765200	3331683	C#	FrancoisB	
3	18.96	1094942	1775415	C++	Adry	
3	18.93	2440248	1749451	C++	Javfres	
3	18.91	4102527	3359388	Python3	xrbe	
3	18.9	2258829	3901758	C#	Hiker	
3	18.9	4559916	4406762	Javascript	Karne	
3	18.89	3306551	3719591	Python3	StoneRiverPrg	
3	18.88	409952	3004910	C++	Noblesse	
3	18.88	1735951	3683640	C++	punter147	
3	18.88	3576115	3036624	Python3	Arphnut	
3	18.83	1768606	3746698	Javascript	Drallieiv	
3	18.83	3445680	2467576	C++	takamaka	
3	18.83	2884769	3704390	Java	Vikron	
3	18.82	4815111	4066800	Python3	Mitch1803	
3	18.8	1896128	1777990	Python3	Vhanire	
3	18.78	2188450	2098721	Python3	PomPoz	
3	18.77	3913241	3805741	Python3	KevinLi-py	
3	18.77	3927891	3805740	C++	whywhy_	
3	18.77	3621947	3018207	Python3	vrabosh	
3	18.75	4058276	3202129	Python3	aatif_khan	
3	18.75	3552972	3353947	Python3	bourinos	
3	18.74	1059313	3848733	C++	_SERGE_	
3	18.74	3998300	3864399	C++	Gucci24	
3	18.73	5001294	4448895	Python3	Kameleos	
3	18.68	4614333	4051399	Javascript	Lakera	
3	18.64	4061100	3740071	Python3	InfinityFalls	
3	18.63	2905118	2219638	C#	Shunterx	
3	18.59	3154027	2335039	C++	Jirotech	
3	18.58	2401975	3173453	C#	KeepCaIm	
3	18.58	510000	4296102	C++	Cthulu	
3	18.58	1394491	3446235	C++	RGAM	
3	18.56	5008581	4718058	Python3	Guezzi06	
3	18.55	3389226	2678259	C#	Peti88	
3	18.54	3247837	2622496	Java	AlixMathieuIMT	
3	18.53	3007622	4317798	Python3	Guillaume.Dechriste	
3	18.52	2766223	4273349	C++	Aviack	
3	18.51	5084835	4518178	Rust	Reflected-Result	
3	18.51	4074358	3959184	Java	nabaztag	
3	18.51	4011783	3354875	C#	sylbouns	
3	18.5	3919237	3441775	C#	Quick_Kick	
3	18.5	3532429	3864184	C++	Skyf0l	
3	18.48	256955	3046134	C++	cup_of_tea	
3	18.47	1600906	2598980	Go	Rots	
3	18.46	3533539	2997878	Python3	AXBNBS	
3	18.45	2836238	2070879	Javascript	Jfreu	
3	18.45	1886665	2112313	C++	Ficek	
3	18.44	4998568	4417131	Go	bullgare	
3	18.41	1625733	1774104	Java	ouvreboite	
3	18.37	1962401	2263662	C#	Mackhdo	
3	18.37	2800214	3850825	C#	tashman01	
3	18.31	3751016	3368063	C#	Q12	
3	18.28	4706250	4015504	C++	ToPi314	
3	18.24	3786412	2852505	Java	StrayMerle	
3	18.22	3917026	3049029	Python3	germanengineering	
3	18.21	936661	4457250	Python3	bdvir	
3	18.21	2014306	3925782	C++	Chadako	
3	18.2	1282856	2847224	C++	ErikBrendel	
3	18.2	4537924	4082632	C++	ArtesScytale	
3	18.18	4268164	4452798	C++	thatRedUnicorn	
3	18.16	4663675	3957862	C++	illan	
3	18.12	4467911	3811186	Python3	Guigzer	
3	18.1	2993741	3335220	C++	Saucisse_a_Roulettes	
3	18.1	4751444	4033624	Python3	krieger3	
3	18.09	4756014	4243570	Python3	nganya	
3	18.07	3534078	3698542	C++	chabes	
3	18.06	2144450	3429330	C++	Instinct	
3	18.06	1688466	3512779	C++	geoffroy	
3	18.05	4297089	3980975	Python3	wemat	
3	18.04	3892944	3045200	Haskell	nxrnd	
3	18.02	832014	4531108	Python3	Minkx	
3	18	4125518	3440564	Java	Invitor	
3	18	490588	3428544	Python3	Uljahn	
3	17.99	3210271	2622563	Java	renoy	
3	17.99	3657937	4321154	Python3	elderlybeginner	
3	17.99	4075712	3353518	Python3	bsapozhnikov	
3	17.98	4273905	3501701	Java	LaBete_	
3	17.98	3245236	2629868	Java	gumast	
3	17.96	4124486	3795454	Python3	JoTue	
3	17.94	3644446	3920678	Java	Eric_Gordon	
3	17.93	569223	3374727	Go	Glutamatt	
3	17.92	1770280	1844687	C++	Maxboyer	
3	17.92	2263101	2036700	C#	Rewolf	
3	17.92	4323412	4066859	Java	LeProblemeEDMN	
3	17.91	3585931	2644929	C++	Kumaneko	
3	17.88	2327967	1751758	Ruby	Karocyt	
3	17.86	1676711	4443778	Java	Eeeval	
3	17.86	3820935	4264364	C++	monnu	
3	17.85	4194801	3699181	Python3	jdeveil	
3	17.81	947923	1754920	Kotlin	Hamada_	
3	17.8	3189632	3846882	C++	BernhardLinnHilmarsson	
3	17.73	2377428	3833018	Python3	Neinaps	
3	17.73	2259761	3000087	Java	ReborN	
3	17.71	1613306	2992248	Java	Lumenol	
3	17.69	567777	2635053	Java	[GTS]	
3	17.68	943892	3045130	C++	adelay	
3	17.65	862819	3510153	C#	Umbakrail	
3	17.65	4567656	3977276	Python3	MarcusStaile	
3	17.64	1670484	2357767	C++	LiorSwisa	
3	17.64	3739307	2758910	C++	greenlama	
3	17.62	2628870	4058539	Python3	monkeyrex	
3	17.6	4250133	4392184	Python3	MiguelFab	
3	17.59	3760239	3158465	C++	notojapko	
3	17.59	2184549	3173451	C++	Cedric_Martinez	
3	17.57	2906812	2114695	C	Adameq7	
3	17.56	2927320	3372675	Java	itectori	
3	17.53	3376384	3354252	Python3	esteban616	
3	17.52	1061473	2580770	C#	HanHan	
3	17.51	788361	1747726	C++	Bob	
3	17.5	1728288	2239855	C#	MOLP	
3	17.5	1420817	1747402	Javascript	TheMagicShop	
3	17.49	2891206	2123618	Javascript	conrisc	
3	17.47	4576463	3907508	Python3	Didelabedeli	
3	17.47	3776834	3052759	C	JEJEBOURI	
3	17.42	3525167	3433576	Java	fgsdt	
3	17.41	1824376	1868392	Python3	Kodle	
3	17.4	2469035	1747401	Kotlin	KUN6_P0W	
3	17.4	3386699	2431273	C++	Shibuyap	
3	17.4	1713174	2324286	Python3	BigUP	
3	17.39	3647844	4268466	C++	rc95401	
3	17.38	3538566	2684900	C#	aguillaume	
3	17.38	1792429	2117918	C++	Wildum	
3	17.37	4039884	3356063	C++	mzbear	
3	17.36	3817179	4405383	C#	MAPATKO	
3	17.34	2858827	3088099	Python3	basicAI	
3	17.33	1739595	1748018	C++	Bemethor	
3	17.33	677699	2614179	C#	Kawn	
3	17.32	3322046	2416234	Java	gui_sys	
3	17.31	3723101	3938672	C++	Lilac_Tsuki	
3	17.28	2689801	2111130	Rust	mariomka	
3	17.24	3683265	4392316	C++	Bondo416	
3	17.23	3675521	2692011	Python3	yurg	
3	17.22	1717829	1751779	Java	JJK	
3	17.22	4601186	3896759	TypeScript	dougli	
3	17.22	4273706	3510154	Java	AG_Test	
3	17.19	4384437	4512436	Python3	Mister_Monster314	
3	17.19	4652107	4296104	Python3	JonnyWhite	
3	17.18	1777760	3445986	C#	JohnathanBarbee	
3	17.17	1518732	3059153	Rust	Apfeloxid	
3	17.16	2290633	4323411	Python3	field3	
3	17.16	4008420	3440329	Python3	Nailec	
3	17.15	4175879	3922939	Javascript	wrygiel	
3	17.14	2623284	2115006	Python3	la_pintade	
3	17.14	1910916	3868838	C#	VivienBillot	
3	17.13	3952674	3763636	PHP	Damien-excalibur	
3	17.13	2065521	3032706	Java	igolus	
3	17.11	4256859	3514229	Java	lil_pap	
3	17.11	1475413	4309099	Javascript	AlucardDH	
3	17.1	1129987	4028245	Python3	morph	
3	17.09	1139061	1749362	C#	RaphaelBenedetto	
3	17.08	2864852	2077307	Python3	CompleteControl	
3	17.08	671150	4268503	Kotlin	Geras	
3	17.08	3426794	2504141	Javascript	plezervi	
3	17.07	4484024	4495666	Python3	Hize	
3	17.05	4061510	4031144	Python3	Frederic7	
3	17.04	4021808	3141668	C++	hubert123	
3	17.03	3882504	3426276	Python3	Gauravsingh	
3	17.03	4438822	3872936	Python3	ludodul	
3	17.03	1019067	2115008	Java	Shorne	
3	17.02	1883670	3874167	Javascript	radekmie	
3	17.01	3970082	4517059	Python3	AkumaNemui	
3	16.99	2904790	2117963	C++	barzyk	
3	16.98	2519414	2580665	Python3	Anza.	
3	16.96	4176076	3834173	C++	2134512	
3	16.95	3820152	3514228	Python3	jj1guj	
3	16.93	3316577	4032774	C++	Tete-de-Steak	
3	16.93	4068332	3340525	C#	eclep	
3	16.93	2516587	2580956	Python3	Kiuqsen	
3	16.89	3123327	4495600	Javascript	Cordy	
3	16.88	2483523	1751673	C#	Luivatra	
3	16.88	1940223	2224979	PHP	Eglerion	
3	16.88	949601	2310760	Python3	Romkinder	
3	16.88	2260965	2580670	PHP	LordOfBehemoths	
3	16.87	1480384	1746399	C++	RockyMullet	
3	16.87	2724962	4484521	Javascript	IcarusCoder	
3	16.87	2515379	3457817	Python3	SodiumThoriumSodium	
3	16.86	2703921	2065434	C++	ScythianFeathers	
3	16.86	3921345	4443779	Python3	JFP81	
3	16.86	4089683	3393854	C++	EidosX	
3	16.86	3565228	3002972	Java	Vanss	
3	16.86	2081550	2832318	Java	muy31	
3	16.84	4555348	4051400	Python3	SamuelT	
3	16.83	826655	2594589	Java	[lazy]Opera	
3	16.83	4798287	4495708	Javascript	Pietsen	
3	16.82	3431280	4445323	Python3	luukhf	
3	16.82	2061249	2577942	C++	delisea	
3	16.81	2165068	2115180	Python3	caerbannog	
3	16.81	1648805	1805243	C#	mycroes	
3	16.8	2028022	2416177	Java	nonnnne	
3	16.8	2538440	1776956	Python3	GuillaumeGav	
3	16.79	4218167	3880436	C#	33L3H2	
3	16.78	2496857	2580564	C#	DLearning	
3	16.78	4252924	3782309	Java	mike82	
3	16.77	3028848	3027258	Python3	IamTheSmix	
3	16.77	3806841	3141500	C++	SWi	
3	16.77	2351282	2580868	C++	TrebledJ	
3	16.77	4098427	3416175	Python3	Ask369	
3	16.77	2252914	2152256	Python3	Malleek	
3	16.75	3522166	2684871	C	soleymani	
3	16.74	2623245	2112312	Python3	Wildcatsgo	
3	16.73	4350735	4270078	Python3	mn_7545	
3	16.72	1411735	1858083	C++	lordaniel	
3	16.71	4053693	4495668	Scala	KS2003	
3	16.69	3703918	3426364	Python3	inuyasha	
3	16.69	2092746	2580865	Python3	donjo	
3	16.68	4333899	3776670	Javascript	Handala	
3	16.64	2881741	2416178	C++	tdye	
3	16.64	3357769	4504160	Javascript	Sqartox	
3	16.62	2025987	1753508	C++	Cham	
3	16.62	859767	2596170	C#	H0v3	
3	16.6	4315630	4537021	Python3	LeTinkyWinky	
3	16.6	1938737	2359529	PHP	_Logan_	
3	16.59	3354668	3880435	Python3	DimSumSaying	
3	16.58	783555	2473538	C#	Colin88	
3	16.55	4320654	4716041	C++	MtSaka	
3	16.55	3800646	2992957	Python3	David_Rambolajaona	
3	16.55	1333869	1842615	Python3	kiwijam	
3	16.54	3684404	2803292	Java	Sagemuy31	
3	16.54	2408418	4015505	Python3	Syrihus	
3	16.51	1410745	2416174	Kotlin	purine	
3	16.51	3791343	3377041	Java	Daskas	
3	16.5	2169137	1773357	Python3	SkippyBro	
3	16.5	2641712	3045199	C	Scarlatine	
3	16.5	2220083	3471165	Python3	heice	
3	16.49	3111430	3833019	Python3	Tyeknom	
3	16.46	4156154	3782308	Javascript	issogood	
3	16.45	2615628	2694378	Python3	JeSuisUnAlgorithme	
3	16.42	1124684	2580563	Python3	Lavarous	
3	16.41	2250372	1842614	Python3	BenjiBu	
3	16.4	973040	2832830	C	papyjo	
3	16.39	1223140	2845248	Kotlin	kgautron	
3	16.39	304126	3895478	PHP	kami	
3	16.38	1540482	3642955	Java	M.GHRISS	
3	16.36	3678316	3002973	Java	ArielB	
3	16.35	2977626	2580777	Python3	Sandell0	
3	16.35	3407821	2580776	Go	SuperBandit228	
3	16.35	404956	3697462	Python3	mcsimm	
3	16.34	1855935	3029836	C++	sasaki	
3	16.32	1188516	4495665	Javascript	Sylvebois	
3	16.31	1470896	4270079	C++	m325k	
3	16.25	889669	3002971	Java	DMac	
3	16.23	1075260	2584392	Java	metwesse	
3	16.22	2133361	2580927	Python3	VadimKuznetsov1	
3	16.19	3741491	3896790	C++	inverb	
3	16.18	1186292	2152254	C	GLE	
3	16.18	2838463	2580870	Python3	GovernorKeagan	
3	16.18	862336	3426465	C++	Zaphus	
